-- phpMyAdmin SQL Dump
-- version 5.2.1
-- https://www.phpmyadmin.net/
--
-- Host: 127.0.0.1
-- Waktu pembuatan: 21 Apr 2026 pada 12.52
-- Versi server: 10.4.32-MariaDB
-- Versi PHP: 8.2.12

SET SQL_MODE = "NO_AUTO_VALUE_ON_ZERO";
START TRANSACTION;
SET time_zone = "+00:00";


/*!40101 SET @OLD_CHARACTER_SET_CLIENT=@@CHARACTER_SET_CLIENT */;
/*!40101 SET @OLD_CHARACTER_SET_RESULTS=@@CHARACTER_SET_RESULTS */;
/*!40101 SET @OLD_COLLATION_CONNECTION=@@COLLATION_CONNECTION */;
/*!40101 SET NAMES utf8mb4 */;

--
-- Database: `orso_db`
--

-- --------------------------------------------------------

--
-- Struktur dari tabel `detail_pesanan`
--

CREATE TABLE `detail_pesanan` (
  `id_detail` int(11) NOT NULL,
  `id_pesanan` int(11) NOT NULL,
  `id_menu` int(11) NOT NULL,
  `jumlah_pesanan` int(11) NOT NULL,
  `total_harga` decimal(10,2) NOT NULL
) ENGINE=InnoDB DEFAULT CHARSET=utf8mb4 COLLATE=utf8mb4_general_ci;

--
-- Dumping data untuk tabel `detail_pesanan`
--

INSERT INTO `detail_pesanan` (`id_detail`, `id_pesanan`, `id_menu`, `jumlah_pesanan`, `total_harga`) VALUES
(8, 8, 2, 2, 50000.00),
(9, 8, 3, 1, 18000.00),
(10, 9, 2, 2, 50000.00),
(11, 9, 3, 1, 18000.00),
(12, 10, 2, 2, 50000.00),
(13, 10, 3, 1, 18000.00),
(14, 11, 2, 2, 50000.00),
(15, 11, 3, 1, 18000.00),
(16, 12, 7, 2, 50000.00),
(17, 13, 7, 2, 50000.00),
(18, 14, 7, 2, 50000.00),
(19, 15, 7, 2, 50000.00),
(20, 16, 7, 4, 100000.00),
(21, 17, 7, 4, 100000.00),
(22, 18, 7, 4, 100000.00),
(23, 19, 7, 1, 25000.00),
(24, 19, 8, 1, 28000.00),
(25, 20, 2, 1, 25000.00),
(26, 20, 3, 1, 18000.00),
(27, 21, 5, 1, 25000.00),
(28, 22, 6, 1, 28000.00),
(30, 23, 11, 1, 25000.00),
(31, 24, 3, 1, 18000.00),
(32, 24, 4, 1, 25000.00),
(34, 26, 3, 1, 18000.00),
(35, 27, 6, 1, 28000.00),
(37, 29, 3, 1, 18000.00),
(39, 30, 3, 1, 18000.00),
(40, 30, 11, 1, 25000.00),
(42, 31, 5, 1, 25000.00),
(43, 32, 3, 1, 18000.00),
(44, 33, 3, 1, 18000.00),
(45, 34, 3, 1, 18000.00),
(46, 34, 15, 1, 25000.00),
(47, 35, 3, 5, 90000.00),
(48, 35, 4, 3, 75000.00),
(49, 35, 7, 2, 50000.00),
(50, 36, 3, 1, 18000.00),
(51, 36, 11, 1, 25000.00),
(53, 37, 2, 1, 25000.00),
(54, 38, 20, 4, 120000.00),
(55, 39, 20, 4, 120000.00),
(56, 40, 15, 1, 25000.00),
(58, 42, 13, 1, 28000.00),
(59, 42, 20, 1, 30000.00),
(61, 43, 3, 1, 18000.00),
(62, 44, 3, 1, 18000.00),
(64, 45, 2, 1, 25000.00),
(65, 46, 2, 1, 25000.00),
(66, 46, 3, 1, 18000.00),
(68, 47, 2, 1, 25000.00),
(69, 48, 4, 1, 25000.00),
(70, 49, 5, 1, 25000.00),
(71, 50, 9, 1, 25000.00),
(72, 51, 6, 1, 28000.00),
(73, 52, 10, 1, 25000.00),
(75, 53, 2, 1, 25000.00),
(77, 55, 3, 1, 18000.00),
(78, 56, 20, 1, 30000.00),
(79, 57, 4, 1, 25000.00),
(80, 58, 20, 2, 60000.00),
(81, 59, 15, 1, 25000.00),
(82, 60, 16, 1, 23000.00),
(83, 60, 17, 1, 25000.00),
(84, 61, 3, 1, 18000.00),
(85, 62, 4, 1, 25000.00),
(86, 63, 13, 1, 28000.00),
(87, 64, 12, 2, 50000.00),
(88, 65, 20, 2, 60000.00),
(89, 65, 13, 1, 28000.00),
(91, 66, 13, 2, 56000.00),
(92, 67, 2, 2, 50000.00),
(93, 67, 18, 3, 84000.00),
(95, 68, 4, 1, 25000.00),
(97, 69, 2, 1, 25000.00),
(98, 70, 3, 1, 18000.00),
(99, 70, 4, 1, 25000.00),
(100, 71, 4, 1, 25000.00),
(101, 72, 5, 1, 25000.00),
(102, 73, 7, 1, 25000.00),
(103, 74, 8, 1, 28000.00),
(104, 75, 4, 1, 25000.00),
(105, 76, 3, 1, 18000.00),
(106, 77, 6, 1, 28000.00),
(107, 78, 9, 1, 25000.00),
(108, 79, 10, 1, 25000.00),
(110, 81, 2, 1, 25000.00),
(111, 82, 3, 1, 18000.00),
(112, 83, 4, 1, 25000.00),
(113, 84, 5, 1, 25000.00),
(114, 85, 6, 1, 28000.00),
(115, 86, 7, 1, 25000.00),
(116, 87, 8, 1, 28000.00),
(117, 88, 9, 1, 25000.00),
(118, 89, 10, 1, 25000.00),
(119, 90, 11, 1, 25000.00),
(120, 91, 12, 1, 25000.00),
(121, 92, 13, 1, 28000.00),
(122, 93, 14, 1, 25000.00),
(123, 94, 15, 1, 25000.00),
(124, 95, 16, 1, 23000.00),
(125, 96, 17, 1, 25000.00),
(126, 97, 18, 1, 28000.00),
(127, 98, 19, 1, 30000.00),
(128, 99, 20, 1, 30000.00),
(130, 101, 2, 1, 25000.00),
(131, 102, 3, 1, 18000.00),
(132, 103, 4, 1, 25000.00),
(133, 104, 5, 1, 25000.00),
(134, 105, 6, 1, 28000.00),
(135, 106, 7, 1, 25000.00),
(136, 107, 8, 1, 28000.00),
(137, 108, 9, 1, 25000.00),
(138, 109, 10, 1, 25000.00),
(139, 110, 11, 1, 25000.00),
(140, 111, 12, 1, 25000.00),
(141, 112, 13, 1, 28000.00),
(142, 113, 14, 1, 25000.00),
(143, 114, 15, 1, 25000.00),
(144, 115, 16, 1, 23000.00),
(145, 116, 17, 1, 25000.00),
(146, 117, 18, 1, 28000.00),
(147, 118, 19, 1, 30000.00),
(148, 119, 20, 1, 30000.00),
(149, 120, 20, 2, 60000.00),
(151, 122, 2, 3, 75000.00),
(152, 123, 5, 1, 25000.00),
(153, 124, 16, 1, 23000.00),
(154, 124, 17, 1, 25000.00),
(155, 125, 16, 1, 23000.00),
(156, 126, 6, 1, 28000.00),
(157, 126, 7, 1, 25000.00),
(158, 127, 2, 1, 25000.00),
(159, 127, 3, 1, 18000.00),
(160, 128, 3, 1, 18000.00),
(161, 128, 4, 1, 25000.00),
(162, 129, 11, 1, 25000.00),
(163, 130, 5, 1, 25000.00),
(164, 131, 9, 1, 25000.00),
(165, 132, 18, 1, 28000.00),
(166, 132, 19, 1, 30000.00),
(167, 133, 20, 2, 60000.00),
(168, 134, 15, 1, 25000.00),
(169, 135, 4, 1, 25000.00),
(170, 136, 5, 1, 25000.00),
(171, 137, 3, 1, 18000.00),
(172, 138, 2, 1, 25000.00),
(174, 139, 2, 1, 25000.00),
(175, 140, 3, 1, 18000.00),
(176, 140, 4, 1, 25000.00),
(177, 141, 20, 1, 30000.00),
(178, 142, 16, 1, 23000.00),
(179, 142, 17, 1, 25000.00),
(180, 143, 8, 1, 28000.00),
(181, 143, 9, 1, 25000.00),
(182, 144, 3, 1, 18000.00),
(183, 145, 7, 1, 25000.00),
(184, 145, 8, 1, 28000.00),
(185, 146, 20, 5, 150000.00),
(186, 147, 15, 1, 25000.00),
(187, 148, 13, 1, 28000.00),
(188, 149, 2, 2, 50000.00),
(189, 150, 14, 1, 25000.00),
(190, 150, 15, 1, 25000.00),
(191, 151, 2, 1, 25000.00),
(193, 152, 2, 1, 25000.00),
(194, 153, 3, 1, 18000.00),
(195, 154, 5, 1, 25000.00),
(196, 155, 5, 1, 25000.00),
(198, 156, 2, 1, 25000.00),
(199, 157, 2, 1, 25000.00),
(200, 158, 6, 1, 28000.00),
(201, 158, 7, 1, 25000.00),
(202, 159, 12, 1, 25000.00),
(203, 159, 13, 1, 28000.00),
(204, 160, 3, 1, 18000.00),
(205, 161, 3, 1, 18000.00),
(206, 162, 2, 1, 25000.00),
(207, 163, 3, 1, 18000.00),
(208, 163, 5, 1, 25000.00),
(209, 164, 4, 1, 25000.00),
(210, 165, 4, 1, 25000.00),
(211, 166, 20, 2, 60000.00),
(212, 167, 5, 1, 25000.00),
(213, 168, 21, 1, 30000.00),
(214, 169, 22, 2, 60000.00),
(215, 170, 14, 2, 50000.00),
(216, 171, 5, 1, 25000.00),
(218, 173, 2, 1, 25000.00),
(219, 174, 3, 1, 18000.00),
(220, 175, 4, 1, 25000.00),
(221, 176, 5, 1, 25000.00),
(222, 177, 6, 1, 28000.00),
(223, 178, 7, 1, 25000.00),
(224, 179, 8, 1, 28000.00),
(225, 180, 9, 1, 25000.00),
(226, 181, 10, 1, 25000.00),
(227, 182, 11, 1, 25000.00),
(228, 183, 12, 1, 25000.00),
(229, 184, 13, 1, 28000.00),
(230, 185, 14, 1, 25000.00),
(231, 186, 15, 1, 25000.00),
(232, 187, 16, 1, 23000.00),
(233, 188, 17, 1, 25000.00),
(234, 189, 18, 1, 28000.00),
(235, 190, 19, 1, 30000.00),
(236, 191, 20, 1, 30000.00),
(237, 192, 21, 1, 30000.00),
(238, 193, 22, 1, 30000.00),
(240, 195, 2, 1, 25000.00),
(241, 196, 3, 1, 18000.00),
(242, 197, 4, 1, 25000.00),
(243, 198, 5, 1, 25000.00),
(244, 199, 6, 1, 28000.00),
(245, 200, 7, 1, 25000.00),
(246, 201, 8, 1, 28000.00),
(247, 202, 9, 1, 25000.00),
(248, 203, 10, 1, 25000.00),
(249, 204, 11, 1, 25000.00),
(250, 205, 12, 1, 25000.00),
(251, 206, 13, 1, 28000.00),
(252, 207, 14, 1, 25000.00),
(253, 208, 15, 1, 25000.00),
(254, 209, 16, 1, 23000.00),
(255, 210, 17, 1, 25000.00),
(256, 211, 18, 1, 28000.00),
(257, 212, 19, 1, 30000.00),
(258, 213, 20, 1, 30000.00),
(259, 214, 21, 1, 30000.00),
(260, 215, 22, 1, 30000.00),
(261, 216, 2, 1, 25000.00),
(264, 218, 3, 1, 18000.00),
(265, 219, 4, 1, 25000.00),
(266, 219, 5, 1, 25000.00),
(268, 220, 2, 2, 50000.00),
(269, 221, 3, 1, 18000.00),
(270, 221, 8, 1, 28000.00),
(271, 222, 3, 2, 36000.00),
(272, 223, 1, 2, 50000.00),
(273, 224, 1, 2, 50000.00),
(274, 225, 6, 1, 28000.00),
(275, 226, 19, 1, 30000.00),
(276, 227, 22, 1, 30000.00),
(277, 228, 22, 1, 30000.00),
(278, 229, 22, 1, 30000.00),
(279, 230, 22, 1, 30000.00),
(280, 231, 21, 1, 30000.00),
(281, 232, 1, 1, 25000.00),
(282, 233, 2, 3, 75000.00),
(283, 234, 2, 1, 25000.00),
(284, 235, 3, 1, 18000.00),
(285, 236, 4, 1, 25000.00),
(286, 237, 5, 1, 25000.00),
(287, 238, 6, 1, 28000.00),
(288, 239, 7, 1, 25000.00),
(289, 240, 8, 1, 28000.00),
(290, 241, 9, 1, 25000.00),
(291, 242, 10, 1, 25000.00),
(292, 243, 11, 1, 25000.00),
(293, 244, 12, 1, 25000.00),
(294, 245, 13, 1, 28000.00),
(295, 246, 14, 1, 25000.00),
(296, 247, 15, 1, 25000.00),
(297, 248, 16, 1, 23000.00),
(298, 249, 17, 1, 25000.00),
(299, 250, 18, 1, 28000.00),
(300, 251, 19, 1, 30000.00),
(301, 252, 20, 1, 30000.00),
(302, 253, 21, 1, 30000.00),
(303, 254, 22, 1, 30000.00),
(304, 255, 1, 2, 50000.00),
(305, 256, 2, 2, 50000.00),
(306, 257, 3, 2, 36000.00),
(307, 258, 4, 2, 50000.00),
(308, 259, 5, 2, 50000.00),
(309, 260, 6, 2, 56000.00),
(310, 261, 7, 2, 50000.00),
(311, 262, 8, 2, 56000.00),
(312, 263, 8, 2, 56000.00),
(313, 264, 9, 2, 50000.00),
(314, 265, 10, 2, 50000.00),
(315, 266, 11, 1, 25000.00),
(316, 267, 12, 1, 25000.00),
(317, 268, 13, 1, 28000.00),
(318, 269, 14, 1, 25000.00),
(319, 270, 15, 1, 25000.00),
(320, 271, 16, 1, 23000.00),
(321, 272, 17, 1, 25000.00),
(322, 273, 18, 1, 28000.00),
(323, 274, 19, 1, 30000.00),
(324, 275, 20, 1, 30000.00),
(325, 276, 21, 1, 30000.00),
(326, 277, 22, 1, 30000.00),
(327, 278, 1, 1, 25000.00),
(328, 279, 2, 1, 25000.00),
(329, 280, 3, 1, 18000.00),
(330, 281, 4, 1, 25000.00),
(331, 282, 5, 1, 25000.00),
(332, 283, 6, 1, 28000.00),
(333, 284, 7, 1, 25000.00),
(334, 285, 8, 1, 28000.00),
(335, 286, 9, 1, 25000.00),
(336, 287, 10, 1, 25000.00),
(337, 288, 11, 1, 25000.00),
(338, 289, 12, 1, 25000.00),
(339, 290, 13, 1, 28000.00),
(340, 291, 14, 1, 25000.00),
(341, 292, 15, 1, 25000.00),
(342, 293, 16, 1, 23000.00),
(343, 294, 17, 1, 25000.00),
(344, 295, 18, 1, 28000.00),
(345, 296, 19, 1, 30000.00),
(346, 297, 20, 1, 30000.00),
(347, 298, 21, 1, 30000.00),
(348, 299, 22, 1, 30000.00),
(349, 300, 1, 1, 25000.00),
(350, 301, 1, 1, 25000.00),
(351, 302, 2, 1, 25000.00),
(352, 303, 3, 1, 18000.00),
(353, 304, 4, 1, 25000.00),
(354, 305, 5, 1, 25000.00),
(355, 306, 6, 1, 28000.00),
(356, 307, 7, 1, 25000.00),
(357, 308, 8, 1, 28000.00),
(358, 309, 9, 1, 25000.00),
(359, 310, 10, 1, 25000.00),
(360, 311, 11, 1, 25000.00),
(361, 312, 12, 1, 25000.00),
(362, 313, 13, 1, 28000.00),
(363, 314, 14, 1, 25000.00),
(364, 315, 15, 1, 25000.00),
(365, 316, 16, 1, 23000.00),
(366, 317, 17, 1, 25000.00),
(367, 318, 18, 1, 28000.00),
(368, 319, 19, 1, 30000.00),
(369, 320, 20, 1, 30000.00),
(370, 321, 21, 1, 30000.00),
(371, 322, 22, 1, 30000.00);

-- --------------------------------------------------------

--
-- Struktur dari tabel `menu`
--

CREATE TABLE `menu` (
  `id_menu` int(11) NOT NULL,
  `nama_menu` varchar(100) NOT NULL,
  `harga` decimal(10,2) NOT NULL,
  `kategori` varchar(50) DEFAULT NULL,
  `image_url` text DEFAULT NULL,
  `deskripsi` text DEFAULT NULL,
  `status` enum('tersedia','habis') DEFAULT 'tersedia'
) ENGINE=InnoDB DEFAULT CHARSET=utf8mb4 COLLATE=utf8mb4_general_ci;

--
-- Dumping data untuk tabel `menu`
--

INSERT INTO `menu` (`id_menu`, `nama_menu`, `harga`, `kategori`, `image_url`, `deskripsi`, `status`) VALUES
(1, 'Strawberry Coffee', 25000.00, 'Coffee', 'Strawberry-Coffee.png', 'Espresso dengan sentuhan susu stroberi menghadirkan perpaduan rasa kopi yang unik, segar, dan seimbang. ☕🍓', 'tersedia'),
(2, 'Kopi Susu', 25000.00, 'Coffee', 'menu-1769152288.png', 'Perpaduan kopi dan susu yang menghasilkan rasa lembut, creamy, dan seimbang. ☕🥛', 'tersedia'),
(3, 'Americano', 18000.00, 'Coffee', 'menu-1769152417.png', 'Espresso yang dipadukan dengan air panas menghasilkan rasa kopi yang ringan dan aromatik. ☕', 'tersedia'),
(4, 'Cappucino', 25000.00, 'Coffee', 'menu-1769152606.png', 'Perpaduan espresso, susu, dan foam lembut yang menghasilkan rasa kopi seimbang dan creamy. ☕🥛', 'tersedia'),
(5, 'Coffee Caramel', 25000.00, 'Coffee', 'menu-1769152736.png', 'Espresso dengan sentuhan karamel manis menghadirkan rasa kopi yang lembut dan seimbang. ☕🍯', 'tersedia'),
(6, 'Mocha', 28000.00, 'Coffee', 'menu-1769153167.jpg', 'Espresso dengan cokelat dan susu menghadirkan rasa kopi yang manis dan creamy. ☕🍫', 'tersedia'),
(7, 'Sweet Creamy Latte', 25000.00, 'Coffee', 'menu-1769153526.jpg', 'Perpaduan espresso dan susu creamy dengan rasa manis yang lembut. ☕🥛', 'tersedia'),
(8, 'Coffee Strawberry Cheesecake', 28000.00, 'Coffee', 'menu-1769156303.png', 'Espresso dengan sentuhan cheesecake creamy dan stroberi segar yang lembut dan seimbang. ☕🍓🍰', 'tersedia'),
(9, 'Blake Rose', 25000.00, 'Coffee', 'menu-1769154313.png', 'Espresso dengan sentuhan aroma mawar menghadirkan rasa kopi yang unik dan elegan. ☕🌹', 'tersedia'),
(10, 'Cafe Latte', 25000.00, 'Coffee', 'menu-1769154169.png', 'Espresso dan susu segar menghasilkan rasa kopi yang lembut dan seimbang. ☕🥛', 'tersedia'),
(11, 'Lychee Tea', 25000.00, 'Tea', 'menu-1769154517.png', 'Teh dengan rasa leci manis yang segar dan harum. 🍃🍓', 'tersedia'),
(12, 'Thai Tea', 25000.00, 'Tea', 'menu-1769154573.png', 'Teh khas Thailand dengan rasa manis dan creamy. 🧡🥛', 'tersedia'),
(13, 'Matcha', 28000.00, 'Tea', 'menu-1769151903.jpg', 'Minuman teh hijau dengan rasa lembut dan menenangkan. 🍵💚', 'tersedia'),
(14, 'Lychee Lime Tea', 25000.00, 'Tea', 'menu-1769154645.png', 'Perpaduan teh, leci manis, dan jeruk nipis yang menyegarkan. 🍃🍋', 'tersedia'),
(15, 'Strawberry Tea', 25000.00, 'Tea', 'menu-1769154696.jpg', 'Teh dengan rasa stroberi manis dan segar. 🍓🍃', 'tersedia'),
(16, 'Classic Mojito', 23000.00, 'Mojito', 'menu-1769154755.jpg', 'Minuman segar dari mint dan jeruk nipis yang menyegarkan. 🍃🍋🥤', 'tersedia'),
(17, 'Strawberry Mojito', 25000.00, 'Mojito', 'menu-1769155070.jpg', 'Mojito segar dengan sentuhan stroberi manis dan asam. 🍓🍃🍋', 'tersedia'),
(18, 'Chocolate', 28000.00, 'Non-Coffee', 'menu-1769154861.jpg', 'Minuman cokelat dengan rasa manis dan creamy. 🍫🥛', 'tersedia'),
(19, 'Chocoberry', 30000.00, 'Non-Coffee', 'menu-1772009059.png', 'Perpaduan cokelat lembut dan susu stroberi segar yang manis. 🍫🍓', 'tersedia'),
(20, 'Red Velvet', 30000.00, 'Non-Coffee', 'menu-1770623316.png', 'Minuman dengan rasa red velvet yang lembut, manis, dan creamy. ❤️🥛', 'tersedia'),
(21, 'Chocopresso', 30000.00, 'Coffee', 'menu-1772008513.png', 'Perpaduan espresso dan cokelat yang menghasilkan rasa kuat, manis, dan kaya. ☕🍫', 'tersedia'),
(22, 'Caramel Latte', 30000.00, 'Non-Coffee', 'menu-1772008686.png', 'Minuman susu creamy dengan sentuhan karamel manis yang lembut dan menyegarkan. 🥛🍯', 'tersedia');

-- --------------------------------------------------------

--
-- Struktur dari tabel `pesanan`
--

CREATE TABLE `pesanan` (
  `id_pesanan` int(11) NOT NULL,
  `id_user` int(11) NOT NULL,
  `tgl_pesanan` datetime DEFAULT current_timestamp(),
  `total_harga` decimal(10,2) NOT NULL,
  `status_pesanan` enum('pending','diproses','selesai','dibatalkan') DEFAULT 'pending',
  `snap_token` varchar(255) DEFAULT NULL
) ENGINE=InnoDB DEFAULT CHARSET=utf8mb4 COLLATE=utf8mb4_general_ci;

--
-- Dumping data untuk tabel `pesanan`
--

INSERT INTO `pesanan` (`id_pesanan`, `id_user`, `tgl_pesanan`, `total_harga`, `status_pesanan`, `snap_token`) VALUES
(1, 8, '2026-02-25 13:43:06', 50000.00, 'selesai', NULL),
(2, 6, '2026-02-25 13:43:35', 25000.00, 'selesai', NULL),
(3, 9, '2026-02-25 13:44:12', 43000.00, 'selesai', NULL),
(4, 11, '2026-02-25 13:44:12', 50000.00, 'selesai', NULL),
(5, 9, '2026-02-25 13:44:48', 68000.00, 'selesai', NULL),
(6, 7, '2026-02-25 13:44:48', 25000.00, 'selesai', NULL),
(7, 6, '2026-02-25 13:45:19', 18000.00, 'selesai', NULL),
(8, 6, '2026-01-23 20:08:03', 68000.00, 'selesai', NULL),
(9, 6, '2026-01-23 20:12:55', 68000.00, 'selesai', NULL),
(10, 6, '2026-01-23 20:18:42', 68000.00, 'selesai', NULL),
(11, 6, '2026-01-23 20:35:07', 68000.00, 'selesai', NULL),
(12, 6, '2026-01-26 17:30:00', 50000.00, 'selesai', NULL),
(13, 6, '2026-01-26 17:31:30', 50000.00, 'selesai', NULL),
(14, 6, '2026-01-26 17:33:14', 50000.00, 'selesai', NULL),
(15, 6, '2026-01-26 17:43:34', 50000.00, 'selesai', NULL),
(16, 6, '2026-01-26 17:43:43', 100000.00, 'selesai', NULL),
(17, 6, '2026-01-26 17:43:52', 100000.00, 'selesai', NULL),
(18, 6, '2026-01-26 17:43:55', 100000.00, 'selesai', NULL),
(19, 6, '2026-01-26 17:50:13', 53000.00, 'selesai', NULL),
(20, 6, '2026-01-26 17:58:59', 43000.00, 'selesai', NULL),
(21, 6, '2026-01-26 18:11:10', 25000.00, 'selesai', NULL),
(22, 6, '2026-01-26 18:18:03', 28000.00, 'selesai', NULL),
(23, 6, '2026-01-26 18:46:28', 50000.00, 'selesai', NULL),
(24, 6, '2026-01-26 18:54:12', 43000.00, 'selesai', NULL),
(25, 6, '2026-01-26 18:57:13', 500.00, 'selesai', NULL),
(26, 6, '2026-01-26 19:05:41', 18000.00, 'selesai', NULL),
(27, 6, '2026-01-26 19:07:51', 28000.00, 'selesai', NULL),
(28, 6, '2026-01-26 19:17:20', 1000.00, 'selesai', NULL),
(29, 6, '2026-01-26 19:20:44', 18500.00, 'selesai', NULL),
(30, 6, '2026-01-26 19:49:36', 43500.00, 'selesai', NULL),
(31, 6, '2026-01-26 20:11:52', 25000.00, 'selesai', NULL),
(32, 6, '2026-01-26 20:12:54', 18000.00, 'selesai', NULL),
(33, 6, '2026-01-26 20:21:58', 18000.00, 'selesai', NULL),
(34, 6, '2026-01-27 18:55:18', 43000.00, 'selesai', NULL),
(35, 6, '2026-01-27 19:46:12', 215000.00, 'selesai', NULL),
(36, 6, '2026-01-27 20:06:06', 43000.00, 'selesai', NULL),
(37, 6, '2026-01-27 20:09:24', 50000.00, 'selesai', NULL),
(38, 8, '2026-02-17 16:14:37', 120000.00, 'selesai', NULL),
(39, 7, '2026-02-17 16:15:00', 120000.00, 'selesai', NULL),
(40, 7, '2026-02-17 16:31:51', 25000.00, 'selesai', NULL),
(41, 7, '2026-02-17 16:32:00', 75000.00, 'selesai', NULL),
(42, 7, '2026-02-17 16:34:55', 83000.00, 'selesai', NULL),
(43, 9, '2026-02-17 16:34:56', 18000.00, 'selesai', NULL),
(44, 9, '2026-02-17 17:00:38', 18000.00, 'selesai', NULL),
(45, 9, '2026-02-17 17:57:44', 50000.00, 'selesai', NULL),
(46, 9, '2026-02-17 18:11:39', 43000.00, 'selesai', NULL),
(47, 9, '2026-02-17 18:24:09', 50000.00, 'selesai', NULL),
(48, 9, '2026-02-17 18:27:44', 25000.00, 'selesai', NULL),
(49, 9, '2026-02-17 19:17:01', 25000.00, 'selesai', '69edb742-cfb4-4878-8a17-abbe1e5dee38'),
(50, 9, '2026-02-17 19:18:23', 25000.00, 'dibatalkan', '16d65c1c-8930-4c7d-8115-c89724304f00'),
(51, 9, '2026-02-17 19:26:08', 28000.00, 'selesai', 'e5512a88-e334-4c3f-8146-52f116bc6407'),
(52, 9, '2026-02-17 19:27:51', 25000.00, 'dibatalkan', '3ec7c8e3-5a4e-4111-b317-df2431006001'),
(53, 9, '2026-02-17 20:00:20', 50000.00, 'dibatalkan', 'e22522de-5cfa-4536-893e-44e593e68c54'),
(54, 7, '2026-02-17 20:03:57', 25000.00, 'selesai', '50bd32e1-6e85-4bb1-8fe4-35f7a8b1bb82'),
(55, 9, '2026-02-17 20:08:46', 18000.00, 'dibatalkan', '4996630f-5bca-4dac-a12f-f36abdb9e37a'),
(56, 7, '2026-02-17 21:14:27', 30000.00, 'dibatalkan', '18e0bd22-5f3e-46ed-a4d1-aa12307bb070'),
(57, 9, '2026-02-17 21:18:22', 25000.00, 'dibatalkan', '095edbbd-0d94-4530-861b-b753ee6775e3'),
(58, 11, '2026-02-18 15:26:44', 60000.00, 'dibatalkan', '1a96f53c-388e-41a4-a774-675782ed902b'),
(59, 9, '2026-02-18 16:45:00', 25000.00, 'dibatalkan', 'f15f8a3e-850d-41d1-84c8-683ce0fb399a'),
(60, 9, '2026-02-18 18:25:19', 48000.00, 'dibatalkan', '39d00993-8dcd-4b32-be18-5dd9ecc4e3c9'),
(61, 11, '2026-02-18 18:46:37', 18000.00, 'selesai', '1ad21b8b-c8a7-41c6-91b0-56dc0d21357c'),
(62, 11, '2026-02-18 18:47:04', 25000.00, 'selesai', 'eb4c560c-42b6-4659-bcba-facff8d8733c'),
(63, 11, '2026-02-24 15:51:46', 28000.00, 'selesai', '31638e8e-36f2-42db-be17-a986bae6ef10'),
(64, 11, '2026-02-25 13:10:37', 50000.00, 'selesai', '1d4bb205-cddd-401e-977f-e24b0eb01c3c'),
(65, 11, '2026-02-25 13:11:16', 88000.00, 'selesai', '5c2c5b11-36ba-4ce3-8a31-777f21675c57'),
(66, 11, '2026-02-25 13:23:08', 81000.00, 'selesai', '0680c5dc-7c51-49e7-bb64-5724fdc5611b'),
(67, 11, '2026-02-25 13:26:39', 134000.00, 'selesai', 'e2ce5b93-cb09-41bc-bff5-4415e50de0d0'),
(68, 11, '2026-02-25 13:29:18', 50000.00, 'selesai', '745f80fe-0193-41c2-a0cb-bd34345ac8ae'),
(69, 11, '2026-02-25 13:54:05', 50000.00, 'selesai', '028c8967-bdae-4eb4-97f7-3ebddc2c8adc'),
(70, 11, '2026-02-25 13:54:14', 43000.00, 'selesai', '8f6a42c2-1c08-4d84-ab2a-cd140fc5dcfa'),
(71, 11, '2026-02-25 13:54:28', 25000.00, 'selesai', 'f293ba8b-44f0-484d-8c50-0e38d46a8483'),
(72, 11, '2026-02-25 13:54:32', 25000.00, 'selesai', 'fd624195-c8d5-46f4-828b-e94762f9be52'),
(73, 11, '2026-02-25 13:54:41', 25000.00, 'selesai', '2035126b-dac8-4428-8dec-2d78247a4fb3'),
(74, 11, '2026-02-25 13:54:45', 28000.00, 'selesai', 'eee8fccd-7d50-41ce-95de-4b24659b7e26'),
(75, 11, '2026-02-25 13:54:52', 25000.00, 'selesai', '07ed5ae3-9438-4273-b7f5-f0318b08f9bb'),
(76, 11, '2026-02-25 13:54:58', 18000.00, 'selesai', '633bda8f-ab4c-431e-b3d1-f41ecd7064d7'),
(77, 11, '2026-02-25 13:55:02', 28000.00, 'selesai', '2eb5b1cc-2f1a-49ff-8be1-b1bcfe7c0066'),
(78, 11, '2026-02-25 13:55:07', 25000.00, 'selesai', 'f1c9d531-a244-41e3-933f-ae48b50ed7b8'),
(79, 11, '2026-02-25 13:55:11', 25000.00, 'selesai', 'a5315c33-8be4-45be-b4eb-2cdfffdbfd70'),
(80, 11, '2026-02-25 13:55:15', 25000.00, 'selesai', '5fa63a4f-d08b-42af-a4c5-a10e3888a246'),
(81, 11, '2026-02-25 13:55:18', 25000.00, 'selesai', '3be46427-b5df-4f95-b005-c42fb70b63c8'),
(82, 11, '2026-02-25 13:55:21', 18000.00, 'selesai', 'c8c1352f-6d6a-4e78-a469-f4d29ac62dd2'),
(83, 11, '2026-02-25 13:55:24', 25000.00, 'selesai', 'dc00bc85-0b30-4608-be1a-f364c1f48a98'),
(84, 11, '2026-02-25 13:55:29', 25000.00, 'selesai', '96c8f743-b1f7-4e50-b31b-6983aa0b3faa'),
(85, 11, '2026-02-25 13:55:32', 28000.00, 'selesai', 'daa95bae-297a-4cfd-a3ae-b874c7042ec0'),
(86, 11, '2026-02-25 13:55:36', 25000.00, 'selesai', 'c67c18b1-6639-407c-92d5-d48ffc6013b5'),
(87, 11, '2026-02-25 13:55:39', 28000.00, 'selesai', '04412f0e-04f4-4a4c-8970-6b9f2b75287f'),
(88, 11, '2026-02-25 13:55:42', 25000.00, 'selesai', 'edc95312-26cf-488c-9f91-deeaa7a630d3'),
(89, 11, '2026-02-25 13:55:46', 25000.00, 'selesai', '8dfa19f6-87c9-4e35-8fd3-a647e03217fe'),
(90, 11, '2026-02-25 13:55:49', 25000.00, 'selesai', '6ef912a9-cfae-41b8-a584-71b8b6fa66cb'),
(91, 11, '2026-02-25 13:55:54', 25000.00, 'selesai', '396563e9-f30c-42ab-820a-7c42f4eb412d'),
(92, 11, '2026-02-25 13:55:58', 28000.00, 'selesai', 'f5432dad-7e70-47e2-95c4-95a55531838f'),
(93, 11, '2026-02-25 13:56:01', 25000.00, 'selesai', 'd4d6d6c8-a5f1-4acf-91d3-fcc1c82b9aff'),
(94, 11, '2026-02-25 13:56:05', 25000.00, 'selesai', '274724d4-af28-4db8-bd63-b8193ccd5d4c'),
(95, 11, '2026-02-25 13:56:09', 23000.00, 'selesai', '8f39aa6b-351d-4930-9f20-8fca0151fe63'),
(96, 11, '2026-02-25 13:56:12', 25000.00, 'selesai', '58f0a760-43e8-461f-ae77-0e85c295585c'),
(97, 11, '2026-02-25 13:56:16', 28000.00, 'selesai', 'fdd4ddfc-abbd-4bcd-a039-0d6d6c85cd3f'),
(98, 11, '2026-02-25 13:56:19', 30000.00, 'selesai', '1d429403-e676-42dd-a451-ae1779deb630'),
(99, 11, '2026-02-25 13:56:24', 30000.00, 'selesai', 'd44d202c-6a0b-4ff7-aca0-5a1dec14320a'),
(100, 11, '2026-02-25 14:00:20', 25000.00, 'selesai', 'e34302de-71f1-45e4-8491-0299f8f5dea1'),
(101, 11, '2026-02-25 14:00:25', 25000.00, 'selesai', '212c6311-5b25-4651-b479-f7e0a26d611a'),
(102, 11, '2026-02-25 14:00:28', 18000.00, 'selesai', '9f287f86-d057-4132-b8b4-14dd6f7e6e2d'),
(103, 11, '2026-02-25 14:00:31', 25000.00, 'selesai', '83b577c1-b135-49e1-9836-df0bb196a28e'),
(104, 11, '2026-02-25 14:00:35', 25000.00, 'selesai', '26811a05-072b-468f-bb22-ce17f4868b48'),
(105, 11, '2026-02-25 14:00:39', 28000.00, 'selesai', 'f290c493-16ce-4aba-aba3-15adf519599d'),
(106, 11, '2026-02-25 14:00:42', 25000.00, 'selesai', 'e0f72138-0915-4b60-9254-3d340b37b87c'),
(107, 11, '2026-02-25 14:00:49', 28000.00, 'selesai', '37c5bbdb-d7e2-4b8d-a7b8-b5232ca61406'),
(108, 11, '2026-02-25 14:00:52', 25000.00, 'selesai', 'bbc3a2e9-d11f-43df-b628-26cdab3c6506'),
(109, 11, '2026-02-25 14:00:58', 25000.00, 'selesai', '72553933-7b73-478c-81d4-75e9f1f7a505'),
(110, 11, '2026-02-25 14:01:02', 25000.00, 'selesai', '1ed94a3f-f595-49ea-866b-605707f31bae'),
(111, 11, '2026-02-25 14:01:05', 25000.00, 'selesai', '4cc985b0-a734-408f-bc50-f89fbdf8eb7d'),
(112, 11, '2026-02-25 14:01:09', 28000.00, 'selesai', '5d1f2a33-e9f9-442a-8300-d7456fcd32de'),
(113, 11, '2026-02-25 14:01:12', 25000.00, 'selesai', '2be757d7-02a5-4211-ab99-5d7288a66ed2'),
(114, 11, '2026-02-25 14:01:15', 25000.00, 'selesai', '65fcd09b-2529-41dc-9d75-740f095df368'),
(115, 11, '2026-02-25 14:01:21', 23000.00, 'selesai', '868302f2-32fc-4909-b680-cbcea7987503'),
(116, 11, '2026-02-25 14:01:27', 25000.00, 'selesai', '1d656dd5-c013-45d4-a3f3-b96f96b68581'),
(117, 11, '2026-02-25 14:01:30', 28000.00, 'selesai', 'f7d62f78-1740-48a2-8959-314dad999668'),
(118, 11, '2026-02-25 14:01:34', 30000.00, 'selesai', '6b8588d9-3b12-452a-945a-50d453b80bdc'),
(119, 11, '2026-02-25 14:01:38', 30000.00, 'selesai', '6448b9b0-6290-4132-963d-1ee0625b0b60'),
(120, 11, '2026-02-25 14:03:30', 60000.00, 'selesai', 'f21ccc0c-b96d-406e-ba8b-d54d9feaae79'),
(121, 11, '2026-02-25 14:05:38', 50000.00, 'selesai', '8148c4e2-41dd-4cf3-a775-593b6606c7ef'),
(122, 11, '2026-02-25 14:20:00', 75000.00, 'selesai', 'b1ccb753-abf4-41d2-877d-fa58456370f1'),
(123, 11, '2026-02-25 14:28:25', 25000.00, 'selesai', '1b0dd068-917f-4b6e-8e17-089d3afdfdbf'),
(124, 9, '2026-02-25 14:29:16', 48000.00, 'selesai', '30659df6-2424-4108-8737-630e1077aa59'),
(125, 11, '2026-02-25 14:33:43', 23000.00, 'selesai', '01273bbc-16e4-4839-9b59-e890d431be81'),
(126, 9, '2026-02-25 14:47:08', 53000.00, 'selesai', '1560dba8-1eb7-4fbd-962b-1b1e5c7f32e6'),
(127, 9, '2026-02-25 14:47:38', 43000.00, 'selesai', '1980838c-a0c2-4fa3-be8b-77050fe4f676'),
(128, 9, '2026-02-25 14:50:31', 43000.00, 'selesai', '7f05e9b7-6893-43de-9d52-15076968960e'),
(129, 9, '2026-02-25 15:05:15', 25000.00, 'selesai', '51a2ca40-41b9-4283-847d-6d0a30384109'),
(130, 9, '2026-02-25 15:16:04', 25000.00, 'selesai', '0f93d83c-3337-439f-a7fa-04631cf46c00'),
(131, 9, '2026-02-25 15:26:39', 25000.00, 'selesai', 'b5aeda02-33ee-4d47-bdc6-72b7124857a3'),
(132, 9, '2026-02-25 15:27:22', 58000.00, 'selesai', '8a6dcd5a-3404-4db9-bcf6-66b3df10a414'),
(133, 11, '2026-02-25 15:29:35', 60000.00, 'selesai', '83bc0c38-65e3-445f-a133-4cce6045f1c0'),
(134, 11, '2026-02-25 15:30:46', 25000.00, 'selesai', 'dff12e51-10b2-4d47-8ff5-7e7516576f16'),
(135, 9, '2026-02-25 15:38:13', 25000.00, 'selesai', '04774b6a-7445-4cba-ac07-bac6cdf5550a'),
(136, 9, '2026-02-25 15:55:45', 25000.00, 'selesai', '55469e83-7d32-4a5c-b1f8-be2e1aade075'),
(137, 9, '2026-02-25 15:55:58', 18000.00, 'selesai', '62168b43-d3eb-4b72-aa06-badfec8b6f45'),
(138, 9, '2026-02-25 16:02:08', 25000.00, 'selesai', '97f698f9-29ae-4ad5-a35c-483b237107d2'),
(139, 9, '2026-02-25 16:02:27', 50000.00, 'selesai', '7be45099-d0df-48ef-816f-04dff9589ea1'),
(140, 9, '2026-02-25 16:04:53', 43000.00, 'selesai', '34f53d5c-ce62-42d8-9060-8e4a6b1e4e27'),
(141, 11, '2026-02-25 16:06:33', 30000.00, 'selesai', '5e8d00af-49af-4c72-9078-d1905bbd14b1'),
(142, 9, '2026-02-25 16:08:24', 48000.00, 'selesai', '3050ae8f-87ee-4b8d-b509-d1d8c4938ce9'),
(143, 9, '2026-02-25 16:20:59', 53000.00, 'selesai', '8d48fef1-4698-4bfe-a7eb-b235a29daffa'),
(144, 9, '2026-02-25 16:26:22', 18000.00, 'selesai', '80460936-ced0-44d3-91d1-fc90b752c9fa'),
(145, 9, '2026-02-25 16:29:00', 53000.00, 'selesai', '87d206ba-b8ed-4cc3-a3b8-37bf196bc6a3'),
(146, 8, '2026-02-25 16:29:19', 150000.00, 'selesai', '6a8cb25a-8c96-400b-b101-3f75b75a2d1c'),
(147, 8, '2026-02-25 16:30:17', 25000.00, 'selesai', '8a9be2dd-760a-45f7-a478-bb5ed0da5e9d'),
(148, 8, '2026-02-25 16:30:21', 28000.00, 'selesai', '1cd7e52b-3822-4b94-95cf-5393a84c53ed'),
(149, 8, '2026-02-25 16:30:27', 50000.00, 'selesai', '2ae8db60-432c-4ab8-a6e9-6c96a82c5fc0'),
(150, 9, '2026-02-25 16:30:31', 50000.00, 'selesai', '29e5f0dd-1bd0-4fc5-b653-5abe540aeb8a'),
(151, 9, '2026-02-25 16:34:13', 25000.00, 'selesai', '2a4a0a1b-f923-4f5d-8f11-ccc60813343e'),
(152, 9, '2026-02-25 16:34:32', 50000.00, 'selesai', '83966764-5685-4c44-8969-6e63af7f123a'),
(153, 9, '2026-02-25 16:35:08', 18000.00, 'dibatalkan', 'e12d3b77-7fd6-40a8-b46e-10c8f224d26e'),
(154, 9, '2026-02-25 16:35:37', 25000.00, 'dibatalkan', '30deee53-10d8-45aa-8d17-4add941632e7'),
(155, 9, '2026-02-25 16:36:08', 25000.00, 'dibatalkan', 'fa6bc82f-b562-48ae-8861-687f96761e08'),
(156, 9, '2026-02-25 16:36:37', 50000.00, 'dibatalkan', '19f12dfd-6e17-4a70-b828-b15746f9b375'),
(157, 9, '2026-02-25 16:37:04', 25000.00, 'dibatalkan', '64a31c79-29eb-4d81-900c-a07e477e3da6'),
(158, 9, '2026-02-25 16:40:01', 53000.00, 'dibatalkan', 'fab3e280-42f9-42b4-8a7d-7d459f619854'),
(159, 9, '2026-02-25 16:41:52', 53000.00, 'dibatalkan', 'fdde69e5-37cd-40d0-8415-f4ef06b51550'),
(160, 9, '2026-02-25 16:42:12', 18000.00, 'dibatalkan', '19a8d0af-025f-4ad6-b236-a657dd6b3386'),
(161, 9, '2026-02-25 16:48:08', 18000.00, 'dibatalkan', 'f46423d0-3bad-4e77-9b8f-154257c7bed3'),
(162, 9, '2026-02-25 16:48:34', 25000.00, 'dibatalkan', '64d2965b-cb24-4ac7-8868-c7a7262ba130'),
(163, 9, '2026-02-25 16:51:46', 43000.00, 'dibatalkan', 'c4f7fb89-a6bb-4cd4-89bf-8a7a8fe62bc7'),
(164, 9, '2026-02-25 17:05:08', 25000.00, 'dibatalkan', '8af79a97-50a1-4607-96bc-4702a8e4997d'),
(165, 8, '2026-02-25 17:09:59', 25000.00, 'selesai', '4df4f538-02fb-4c40-a639-41314788b4eb'),
(166, 8, '2026-02-25 17:10:05', 60000.00, 'selesai', '1c3aa6a5-321e-4e35-8d99-0cf7fa9d7543'),
(167, 8, '2026-02-25 17:10:22', 25000.00, 'selesai', 'f83d5406-d561-4318-a22c-411531fe80ce'),
(168, 8, '2026-02-25 17:10:55', 30000.00, 'selesai', 'dd8c5862-a774-4a4a-89c8-6e900a0db54d'),
(169, 8, '2026-02-25 17:11:04', 60000.00, 'selesai', 'a4be10eb-b9f8-437b-85d5-15f1b9d9bcdf'),
(170, 8, '2026-02-25 17:11:24', 50000.00, 'selesai', 'd335352a-8806-4a23-bdbc-f47c8fe63c53'),
(171, 8, '2026-02-25 17:11:37', 25000.00, 'selesai', 'c294b034-f51c-4163-a767-83f4d4d00a73'),
(172, 11, '2026-02-25 17:12:46', 25000.00, 'selesai', '6c06448e-b0a4-4558-97f6-9feab4bf987b'),
(173, 11, '2026-02-25 17:12:49', 25000.00, 'selesai', '673991dd-b3e3-4e22-8d50-2145ae958893'),
(174, 11, '2026-02-25 17:12:52', 18000.00, 'selesai', '17947b0c-44af-4b4d-a30c-a563c7caea92'),
(175, 11, '2026-02-25 17:12:55', 25000.00, 'selesai', '631ac800-022e-40b6-8e9a-3b289ab16727'),
(176, 11, '2026-02-25 17:12:58', 25000.00, 'selesai', 'f7455df6-8f31-4b9d-86a0-a8ce1f50cf69'),
(177, 11, '2026-02-25 17:13:01', 28000.00, 'selesai', '1b0f2849-0b3d-4162-9170-194c00562b4a'),
(178, 11, '2026-02-25 17:13:04', 25000.00, 'selesai', 'bdf65197-ea87-4569-9ea6-0b10a9298dfa'),
(179, 11, '2026-02-25 17:13:07', 28000.00, 'selesai', 'c76baf72-6b5e-4d49-9393-975d67f4db77'),
(180, 11, '2026-02-25 17:13:10', 25000.00, 'selesai', '4afc2e02-8a71-49ac-953c-3e87e9ebde0d'),
(181, 11, '2026-02-25 17:13:14', 25000.00, 'selesai', '022c22e4-8c1c-4730-b2cb-f48272a8ac9a'),
(182, 11, '2026-02-25 17:13:17', 25000.00, 'selesai', '267d7989-4284-4adf-afe2-d25ba5347e40'),
(183, 11, '2026-02-25 17:13:19', 25000.00, 'selesai', 'f56411c8-d9e7-4d45-80a7-cc8e85bb5f78'),
(184, 11, '2026-02-25 17:13:22', 28000.00, 'selesai', 'bec78d31-44c5-4f0d-89c7-15f189c32e23'),
(185, 11, '2026-02-25 17:13:25', 25000.00, 'selesai', '58cfb7d1-aef7-4e5b-addb-6adee3b91b28'),
(186, 11, '2026-02-25 17:13:28', 25000.00, 'selesai', '9f26b5cc-bb2e-406a-8819-1371e40d21c4'),
(187, 11, '2026-02-25 17:13:31', 23000.00, 'selesai', 'f4f9c881-71af-436e-9d54-b292b924a7d2'),
(188, 11, '2026-02-25 17:13:37', 25000.00, 'selesai', 'f5d1a934-1d96-4dba-8474-64a643459349'),
(189, 11, '2026-02-25 17:13:40', 28000.00, 'selesai', '58b78fc5-66ba-46cb-afbf-d8ff5e06b61b'),
(190, 11, '2026-02-25 17:13:42', 30000.00, 'selesai', 'ac7a762c-af44-49fb-92ff-3ce7cc275eea'),
(191, 11, '2026-02-25 17:13:47', 30000.00, 'selesai', '0fd37c63-f204-4dc7-bd75-32bf5e3d254d'),
(192, 11, '2026-02-25 17:13:51', 30000.00, 'selesai', '833f3b06-a1fb-4ee9-a7aa-0f95b95673bf'),
(193, 11, '2026-02-25 17:13:54', 30000.00, 'selesai', '7350849e-dbaf-4be2-aa43-596f01e6bd03'),
(194, 8, '2026-02-25 17:14:38', 25000.00, 'selesai', '49741591-ff47-49a4-83de-1362f34a6237'),
(195, 8, '2026-02-25 17:14:42', 25000.00, 'selesai', '692d1eaf-0802-4a7d-bd83-8fa19d7f6602'),
(196, 8, '2026-02-25 17:14:44', 18000.00, 'selesai', '62e3ce97-f67e-4dec-a9c7-188a3874c160'),
(197, 8, '2026-02-25 17:14:47', 25000.00, 'selesai', 'd01cc430-24a5-4fe3-8328-5b3c78475388'),
(198, 8, '2026-02-25 17:14:50', 25000.00, 'selesai', '003af06f-aeed-4785-978a-28e53e077b9d'),
(199, 8, '2026-02-25 17:14:53', 28000.00, 'selesai', '37c89a79-e287-4b62-9117-5f5b89ba9f56'),
(200, 8, '2026-02-25 17:14:56', 25000.00, 'selesai', '504c5e1b-68de-4c23-85a6-5573cf327cb0'),
(201, 8, '2026-02-25 17:15:00', 28000.00, 'selesai', '6fbb9931-f8ec-44f2-b6ee-dda4bef422a4'),
(202, 8, '2026-02-25 17:15:03', 25000.00, 'selesai', '85bf61af-9a0d-4a9c-8aa9-c3992b777515'),
(203, 8, '2026-02-25 17:15:06', 25000.00, 'selesai', 'f7c8b0da-d5f0-4574-96dd-ae5101562533'),
(204, 8, '2026-02-25 17:15:10', 25000.00, 'selesai', 'c8dd3b41-8f16-4c10-9aab-24e02d534298'),
(205, 8, '2026-02-25 17:15:13', 25000.00, 'selesai', '941bf42a-d68d-46bd-aeb9-3820c3b9cede'),
(206, 8, '2026-02-25 17:15:16', 28000.00, 'selesai', '403acefb-6a7d-411c-8fc8-eb301b61851e'),
(207, 8, '2026-02-25 17:15:19', 25000.00, 'selesai', '7adaf574-7545-45d3-b4d0-e50d86cd8159'),
(208, 8, '2026-02-25 17:15:22', 25000.00, 'selesai', '377e6c7c-4adc-4445-877e-2d5c6490623d'),
(209, 8, '2026-02-25 17:15:25', 23000.00, 'selesai', '6a8c4292-91d5-42e5-80b8-265e78b69ce5'),
(210, 8, '2026-02-25 17:15:28', 25000.00, 'selesai', 'c20bbf8f-d645-48c0-8740-acd2b9c8599b'),
(211, 8, '2026-02-25 17:15:32', 28000.00, 'selesai', '2ad7d8e8-1505-44dd-b6b3-f307f52ab71c'),
(212, 8, '2026-02-25 17:15:37', 30000.00, 'selesai', 'f2fced78-2e90-4395-87fa-523be107d9ec'),
(213, 8, '2026-02-25 17:15:41', 30000.00, 'selesai', '2329a60d-975c-428f-b006-2e780e604923'),
(214, 8, '2026-02-25 17:15:44', 30000.00, 'selesai', 'e77fab49-d502-4098-86dc-df10815abc41'),
(215, 8, '2026-02-25 17:15:46', 30000.00, 'selesai', 'd4d73c70-baae-415d-8ebb-53d2cc1204ff'),
(216, 9, '2026-02-26 14:15:39', 25000.00, 'dibatalkan', 'db9bbf4c-d61a-41b2-88fa-30e21e53da3c'),
(217, 9, '2026-02-26 14:27:12', 25000.00, 'dibatalkan', 'ee9bc0f2-a62a-4813-ab04-460e87e9828c'),
(218, 9, '2026-02-26 14:56:12', 43000.00, 'dibatalkan', '7c83fa95-bd9e-427d-84c3-a33ce8d5e976'),
(219, 9, '2026-02-26 15:12:14', 50000.00, 'dibatalkan', 'c273065b-ab56-472c-8cb3-752370512fde'),
(220, 9, '2026-02-26 15:36:49', 100000.00, 'selesai', '6063c029-3df7-4a50-ad60-0783a34af1a3'),
(221, 9, '2026-02-26 15:40:21', 46000.00, 'selesai', 'c930e31f-5991-4242-9189-5254b7cbb92c'),
(222, 9, '2026-02-26 16:57:39', 36000.00, 'selesai', '0145bf4a-83b4-48da-b847-52ba0c307701'),
(223, 8, '2026-03-09 14:17:54', 50000.00, 'selesai', 'f43738bd-90e3-4388-87e5-c42e6a6d4e02'),
(224, 25, '2026-03-09 14:43:54', 50000.00, 'dibatalkan', '02e2e66a-137d-4997-93ac-dd4ff38e73f8'),
(225, 25, '2026-03-09 14:48:11', 28000.00, 'selesai', '533d8b37-694e-40ec-b330-04b8767f8b6a'),
(226, 25, '2026-03-09 14:50:28', 30000.00, 'selesai', 'df421157-161f-4dcb-98d4-4eeb1f27af7b'),
(227, 8, '2026-03-09 15:52:19', 30000.00, 'selesai', '9889544f-e644-43b8-b7f2-724d0f29207d'),
(228, 8, '2026-03-09 15:52:26', 30000.00, 'selesai', '607f0c3e-4544-4bea-9e05-fa6eaab53b92'),
(229, 8, '2026-03-18 22:23:22', 30000.00, 'selesai', '25fb9c5f-6e95-4db2-ac65-bba2d43f4356'),
(230, 8, '2026-04-15 15:49:50', 30000.00, 'selesai', 'e56da22a-8e85-460d-9aef-08652feadbcd'),
(231, 8, '2026-04-15 15:50:25', 30000.00, 'selesai', 'ad453456-7c66-4942-97f1-773331541637'),
(232, 8, '2026-04-15 15:50:30', 25000.00, 'selesai', '27416efc-af7b-4604-8685-cf0c5f652d35'),
(233, 6, '2026-04-15 15:51:54', 75000.00, 'selesai', '2d59a4c7-8e4e-461b-afa2-13167b684c3c'),
(234, 6, '2026-04-15 15:52:03', 25000.00, 'selesai', '17fb627b-b7de-47d8-9346-27a5a2f0a9c0'),
(235, 6, '2026-04-15 15:52:07', 18000.00, 'selesai', '997a62fa-8554-4c44-9a0e-ae1566765e0e'),
(236, 6, '2026-04-15 15:52:11', 25000.00, 'selesai', '8f871891-de21-49d2-950c-4e9ef3847154'),
(237, 6, '2026-04-15 15:52:15', 25000.00, 'selesai', '90afb2bb-e8e7-4799-8a86-ecf60d8e731d'),
(238, 6, '2026-04-15 15:52:19', 28000.00, 'selesai', '995b2151-d89c-41c4-b6a8-609ed6c9e111'),
(239, 6, '2026-04-15 15:52:22', 25000.00, 'selesai', '257736cc-56d4-46a0-b3e7-9a0a41cfc7fc'),
(240, 6, '2026-04-15 15:52:26', 28000.00, 'selesai', '196c6d1e-b2bb-4ed5-8358-e697e59121b7'),
(241, 6, '2026-04-15 15:52:30', 25000.00, 'selesai', '0719dca3-0ae6-4d8d-a9cd-6582db689035'),
(242, 6, '2026-04-15 15:52:36', 25000.00, 'selesai', '9b6facaf-c945-4156-955e-3d9b1e01eb13'),
(243, 6, '2026-04-15 15:52:41', 25000.00, 'selesai', '3d44b03f-8152-4390-ac88-422c144c2c2c'),
(244, 6, '2026-04-15 15:52:44', 25000.00, 'selesai', '6a3a5f4b-a3ec-4f82-9fc1-c004b04d831f'),
(245, 6, '2026-04-15 15:52:49', 28000.00, 'selesai', '78ee20b3-1e9a-4d78-8990-9b74338d623e'),
(246, 6, '2026-04-15 15:52:52', 25000.00, 'selesai', 'db71a447-948d-4545-ac1c-5d3b4b280ea9'),
(247, 6, '2026-04-15 15:52:57', 25000.00, 'selesai', '8b681e49-8ee2-4d38-a0fe-465bb4a9c724'),
(248, 6, '2026-04-15 15:55:13', 23000.00, 'selesai', '4749af32-bd14-4d65-a005-05c43f1d645e'),
(249, 6, '2026-04-15 15:55:19', 25000.00, 'selesai', '7329ebb1-d627-4368-ae67-ba81f9c994f9'),
(250, 6, '2026-04-15 15:55:28', 28000.00, 'selesai', '3d32bcb5-de46-4ab5-95d8-0de89c88f570'),
(251, 6, '2026-04-15 15:55:34', 30000.00, 'selesai', '7115e410-0dc2-4adf-8f43-1575b32c379f'),
(252, 6, '2026-04-15 15:55:39', 30000.00, 'selesai', 'a0e3c901-102e-4d69-b38d-196a3285aef7'),
(253, 6, '2026-04-15 15:55:46', 30000.00, 'selesai', 'a89bc422-b226-40f4-9fc8-ccd03e0ffc70'),
(254, 6, '2026-04-15 15:55:53', 30000.00, 'selesai', '74e9fc7e-0fbc-42cc-886f-a8bdf7666706'),
(255, 8, '2026-04-15 15:56:33', 50000.00, 'selesai', '7c10850f-4da5-4bed-bddf-29cd3425c8d5'),
(256, 8, '2026-04-15 15:56:40', 50000.00, 'selesai', '116ef386-564c-437a-af7a-b6452dd7346f'),
(257, 8, '2026-04-15 15:56:46', 36000.00, 'selesai', 'cab5ab61-acb3-4a9d-9a00-704f9158b882'),
(258, 8, '2026-04-15 15:57:00', 50000.00, 'selesai', '7db3dee3-31d6-40c2-a59c-6ab143098f3c'),
(259, 8, '2026-04-15 15:57:08', 50000.00, 'selesai', '290fd049-ba05-4eef-9ce9-9aaaec65b5d7'),
(260, 8, '2026-04-15 15:57:14', 56000.00, 'selesai', '0155bcf5-d7f8-4786-a779-50ad0f56873e'),
(261, 8, '2026-04-15 15:57:21', 50000.00, 'selesai', 'fa149e6e-2a1b-4c7f-9ca0-a207ddcda87f'),
(262, 8, '2026-04-15 15:57:30', 56000.00, 'selesai', 'baddf1a0-d2fa-4c65-a4a3-de6bd091b6cb'),
(263, 8, '2026-04-15 15:57:42', 56000.00, 'selesai', '70744c1d-fc13-446d-9fc3-d882db75d8fb'),
(264, 8, '2026-04-15 15:57:49', 50000.00, 'selesai', '12f2cff2-4ac6-47d2-9d6f-5f0d627c3f21'),
(265, 8, '2026-04-15 15:57:58', 50000.00, 'selesai', '50e39e37-2e6d-4f7a-91d3-db8de336dfbb'),
(266, 8, '2026-04-15 16:02:44', 25000.00, 'selesai', 'cc75d0f1-5ca3-4d17-85a7-7bd8b3d11d0f'),
(267, 8, '2026-04-15 16:02:49', 25000.00, 'selesai', '81ae72a6-f8fe-4d0e-8800-370c929833c5'),
(268, 8, '2026-04-15 16:02:53', 28000.00, 'selesai', '8e646807-dd83-4180-9005-011bf2b74f6c'),
(269, 8, '2026-04-15 16:02:57', 25000.00, 'selesai', '3e9a3b7c-b7d3-4a49-8760-dc8e403229cc'),
(270, 8, '2026-04-15 16:03:02', 25000.00, 'selesai', 'f363f047-cc3a-4158-a1bd-1d8560ce38dd'),
(271, 8, '2026-04-15 16:03:06', 23000.00, 'selesai', 'c52ac6b6-8661-47e4-bd62-fe44fe83cd16'),
(272, 8, '2026-04-15 16:03:10', 25000.00, 'selesai', '4039cefb-fa1a-420d-92ca-3cf1a6894d13'),
(273, 8, '2026-04-15 16:03:14', 28000.00, 'selesai', '34c2cf4f-106e-4fe0-a3a0-0f653591407f'),
(274, 8, '2026-04-15 16:03:20', 30000.00, 'selesai', '4d9ec77e-160d-46fa-9bf9-5c2b2915e5bc'),
(275, 8, '2026-04-15 16:03:23', 30000.00, 'selesai', 'c8ad98a0-31ca-4b49-8a19-733b6f01bd0b'),
(276, 8, '2026-04-15 16:03:28', 30000.00, 'selesai', 'd2874104-073d-4d5f-8877-4d5b3412550a'),
(277, 8, '2026-04-15 16:03:32', 30000.00, 'selesai', 'ba3f93ff-6440-4403-999f-20bd0d35d799'),
(278, 9, '2026-04-15 16:05:23', 25000.00, 'selesai', '4ad284be-17ff-49d6-9588-50d23a938b12'),
(279, 9, '2026-04-15 16:05:27', 25000.00, 'selesai', '0b63725b-a3eb-47e8-9e73-1a1294d2690d'),
(280, 9, '2026-04-15 16:05:31', 18000.00, 'selesai', '2ed9a562-cf8d-43e8-aab2-4d9069526831'),
(281, 9, '2026-04-15 16:05:35', 25000.00, 'selesai', '0643fd11-063f-4693-8dba-c7d98c78fb7c'),
(282, 9, '2026-04-15 16:05:38', 25000.00, 'selesai', '75465130-15dd-43b6-97d6-f16fc56a127d'),
(283, 9, '2026-04-15 16:05:42', 28000.00, 'selesai', 'e6e29c0f-69c4-411b-9d34-b114b071a700'),
(284, 9, '2026-04-15 16:05:45', 25000.00, 'selesai', 'db81cf07-f14a-4ad0-a4a3-23a7244b3c01'),
(285, 9, '2026-04-15 16:05:49', 28000.00, 'selesai', 'dd8ab8d6-0865-457c-a964-a8b40f757890'),
(286, 9, '2026-04-15 16:05:54', 25000.00, 'selesai', '19fc48c9-1629-497c-8539-021a9ec84685'),
(287, 9, '2026-04-15 16:05:59', 25000.00, 'selesai', '484b4359-ce51-4b7f-a0d9-c4d8733fe39e'),
(288, 9, '2026-04-15 16:06:02', 25000.00, 'selesai', '2469f03a-a167-4f19-bb95-af88a6ec04cb'),
(289, 9, '2026-04-15 16:06:07', 25000.00, 'selesai', '3cd0b956-b474-4155-a02a-fa92ae9b2864'),
(290, 9, '2026-04-15 16:06:10', 28000.00, 'selesai', '3c2e642d-a236-4f83-853d-66345e0ed29a'),
(291, 9, '2026-04-15 16:06:13', 25000.00, 'selesai', 'e709038d-92ba-43b7-98d8-0d06b6ff7307'),
(292, 9, '2026-04-15 16:06:17', 25000.00, 'selesai', '7afd4fe3-a4fe-4fa3-81aa-db3673493627'),
(293, 9, '2026-04-15 16:06:20', 23000.00, 'selesai', '26b222f0-e00f-4d9e-b391-e31bb17ced0f'),
(294, 9, '2026-04-15 16:06:24', 25000.00, 'selesai', 'da321775-5811-45d1-8b64-a899f302b0bc'),
(295, 9, '2026-04-15 16:06:28', 28000.00, 'selesai', 'ff1323c6-9261-4f9f-9269-9077036e6628'),
(296, 9, '2026-04-15 16:06:33', 30000.00, 'selesai', 'cb0dd03c-84a3-4e63-a398-e17ec88e7376'),
(297, 9, '2026-04-15 16:06:38', 30000.00, 'selesai', 'c07d1e0e-9e75-41b7-9b93-586384e98396'),
(298, 9, '2026-04-15 16:06:42', 30000.00, 'selesai', '3ec7473a-f7bf-4418-b7d1-70cf196db7d0'),
(299, 9, '2026-04-15 16:06:47', 30000.00, 'selesai', '69bf98af-79d4-4dae-a189-2a4482cfc03b'),
(300, 9, '2026-04-15 16:06:52', 25000.00, 'selesai', '366a26bc-2a68-4758-857a-0d818b8f4254'),
(301, 11, '2026-04-15 16:13:56', 25000.00, 'selesai', 'c7b96bfa-c8b8-4f3b-8866-4b79e77b0fed'),
(302, 11, '2026-04-15 16:14:00', 25000.00, 'selesai', 'd68c99e7-ed52-47ed-b684-4228625ac010'),
(303, 11, '2026-04-15 16:14:04', 18000.00, 'selesai', '6c1c4c0d-9f7c-4dd0-b748-9374dac9ccb3'),
(304, 11, '2026-04-15 16:14:07', 25000.00, 'selesai', '82a169d7-f440-4594-8621-075d261c5ae1'),
(305, 11, '2026-04-15 16:14:10', 25000.00, 'selesai', '15f0b23c-eb8e-47ae-8177-f48d33bfb0e6'),
(306, 11, '2026-04-15 16:14:13', 28000.00, 'selesai', '78cf6a38-09fd-488a-ab21-a1efa94da4db'),
(307, 11, '2026-04-15 16:14:16', 25000.00, 'selesai', 'e18aaf21-c695-48e7-b4a4-d0c4b3aec687'),
(308, 11, '2026-04-15 16:14:18', 28000.00, 'selesai', '40686aea-9596-48f8-ab30-ca1d0656c73c'),
(309, 11, '2026-04-15 16:14:21', 25000.00, 'selesai', '381c8fd8-be9e-4603-bf87-0acbb5a6991a'),
(310, 11, '2026-04-15 16:14:24', 25000.00, 'selesai', '500c5822-abc3-4798-bdf2-e4a3fc692fa7'),
(311, 11, '2026-04-15 16:14:28', 25000.00, 'selesai', 'fcacca42-86ac-47dc-8ba4-c615266716c1'),
(312, 11, '2026-04-15 16:14:31', 25000.00, 'selesai', 'ad764076-337e-4721-a543-e2939952a636'),
(313, 11, '2026-04-15 16:14:35', 28000.00, 'selesai', '59abb0bc-a730-4e06-903a-3bf927a84f5d'),
(314, 11, '2026-04-15 16:14:41', 25000.00, 'selesai', '146a9209-fb19-4eb2-a569-d2f6af0ddf93'),
(315, 11, '2026-04-15 16:14:44', 25000.00, 'selesai', '2f82daf9-a121-459a-ba9f-2998e38afe08'),
(316, 11, '2026-04-15 16:14:47', 23000.00, 'selesai', '545fbe85-9e4e-4ecc-afb0-f7cc9386c592'),
(317, 11, '2026-04-15 16:14:50', 25000.00, 'selesai', '97bb8ca6-df60-47d3-966d-c6d4d6682a83'),
(318, 11, '2026-04-15 16:14:52', 28000.00, 'selesai', '586d6213-e13b-48bb-b22b-1ba83f8081ba'),
(319, 11, '2026-04-15 16:14:55', 30000.00, 'selesai', '0cdd2177-526d-4707-bd4b-26ef58d107d0'),
(320, 11, '2026-04-15 16:14:59', 30000.00, 'selesai', '3ccc60b3-69d3-442a-97b3-6365a5411f84'),
(321, 11, '2026-04-15 16:15:02', 30000.00, 'selesai', '98a3dab6-9279-40dc-9c30-a17a8e90fe3d'),
(322, 11, '2026-04-15 16:15:09', 30000.00, 'selesai', '012b25ac-2a09-4ed1-ac05-cd042752626c'),
(323, 6, '2026-03-23 08:17:23', 38305.00, 'selesai', NULL),
(324, 10, '2026-04-06 08:17:23', 58854.00, 'selesai', NULL),
(325, 6, '2026-04-11 08:17:23', 32614.00, 'diproses', NULL),
(326, 9, '2026-04-11 08:17:23', 38255.00, 'dibatalkan', NULL),
(327, 7, '2026-03-19 08:17:23', 76715.00, 'dibatalkan', NULL),
(328, 7, '2026-04-12 08:17:23', 64843.00, 'dibatalkan', NULL),
(329, 7, '2026-03-25 08:17:23', 68667.00, 'dibatalkan', NULL),
(330, 10, '2026-04-06 08:17:23', 76184.00, 'pending', NULL),
(331, 8, '2026-04-08 08:17:23', 24957.00, 'pending', NULL),
(332, 10, '2026-04-14 08:17:23', 69260.00, 'pending', NULL),
(333, 8, '2026-04-11 08:17:23', 31819.00, 'dibatalkan', NULL),
(334, 7, '2026-04-01 08:17:23', 48258.00, 'pending', NULL),
(335, 10, '2026-04-12 08:17:23', 85165.00, 'dibatalkan', NULL),
(336, 9, '2026-04-04 08:17:23', 75420.00, 'selesai', NULL),
(337, 10, '2026-04-07 08:17:23', 81851.00, 'pending', NULL),
(338, 6, '2026-03-31 08:17:23', 95347.00, 'diproses', NULL),
(339, 7, '2026-03-24 08:17:23', 41099.00, 'dibatalkan', NULL),
(340, 9, '2026-03-24 08:17:23', 32140.00, 'selesai', NULL),
(341, 10, '2026-04-02 08:17:23', 38210.00, 'pending', NULL),
(342, 6, '2026-04-02 08:17:23', 97029.00, 'diproses', NULL),
(343, 7, '2026-04-10 08:17:23', 50939.00, 'diproses', NULL),
(344, 9, '2026-03-28 08:17:23', 92143.00, 'dibatalkan', NULL),
(345, 8, '2026-04-03 08:17:23', 71399.00, 'diproses', NULL),
(346, 6, '2026-03-18 08:17:23', 86485.00, 'dibatalkan', NULL),
(347, 7, '2026-04-03 08:17:23', 50390.00, 'diproses', NULL),
(348, 6, '2026-03-27 08:17:23', 69606.00, 'selesai', NULL),
(349, 10, '2026-03-29 08:17:23', 20430.00, 'pending', NULL),
(350, 7, '2026-03-17 08:17:23', 50682.00, 'pending', NULL),
(351, 9, '2026-03-16 08:17:23', 97337.00, 'pending', NULL),
(352, 10, '2026-03-22 08:17:23', 51608.00, 'diproses', NULL),
(353, 6, '2026-04-02 08:17:23', 34492.00, 'dibatalkan', NULL),
(354, 7, '2026-04-07 08:17:23', 85673.00, 'diproses', NULL),
(355, 10, '2026-03-30 08:17:23', 46060.00, 'selesai', NULL),
(356, 7, '2026-03-19 08:17:23', 25068.00, 'diproses', NULL),
(357, 7, '2026-04-03 08:17:23', 30218.00, 'diproses', NULL),
(358, 10, '2026-03-30 08:17:23', 37010.00, 'dibatalkan', NULL),
(359, 9, '2026-03-21 08:17:23', 97513.00, 'dibatalkan', NULL),
(360, 10, '2026-03-24 08:17:23', 71161.00, 'selesai', NULL),
(361, 8, '2026-03-16 08:17:23', 28250.00, 'dibatalkan', NULL),
(362, 6, '2026-04-14 08:17:23', 93212.00, 'selesai', NULL),
(363, 8, '2026-03-25 08:17:23', 45997.00, 'dibatalkan', NULL),
(364, 7, '2026-03-21 08:17:23', 60062.00, 'dibatalkan', NULL),
(365, 8, '2026-03-29 08:17:23', 98889.00, 'pending', NULL),
(366, 7, '2026-03-20 08:17:23', 20324.00, 'diproses', NULL),
(367, 6, '2026-04-06 08:17:23', 84453.00, 'dibatalkan', NULL),
(368, 7, '2026-03-22 08:17:23', 60195.00, 'pending', NULL),
(369, 6, '2026-04-02 08:17:23', 81099.00, 'pending', NULL),
(370, 8, '2026-03-29 08:17:23', 65098.00, 'dibatalkan', NULL),
(371, 10, '2026-04-07 08:17:23', 39612.00, 'pending', NULL),
(372, 10, '2026-04-03 08:17:23', 51661.00, 'diproses', NULL),
(373, 9, '2026-04-01 08:17:23', 30778.00, 'selesai', NULL),
(374, 10, '2026-03-20 08:17:23', 60752.00, 'pending', NULL),
(375, 7, '2026-04-09 08:17:23', 20491.00, 'pending', NULL),
(376, 10, '2026-03-22 08:17:23', 37245.00, 'dibatalkan', NULL),
(377, 9, '2026-03-19 08:17:23', 54136.00, 'pending', NULL),
(378, 10, '2026-03-27 08:17:23', 55458.00, 'selesai', NULL),
(379, 8, '2026-04-12 08:17:23', 60672.00, 'pending', NULL),
(380, 7, '2026-04-07 08:17:23', 78439.00, 'selesai', NULL),
(381, 9, '2026-03-18 08:17:23', 43603.00, 'dibatalkan', NULL),
(382, 10, '2026-03-25 08:17:23', 49689.00, 'pending', NULL),
(383, 6, '2026-04-08 08:17:23', 46890.00, 'pending', NULL),
(384, 10, '2026-03-20 08:17:23', 20979.00, 'dibatalkan', NULL),
(385, 9, '2026-04-11 08:17:23', 70082.00, 'dibatalkan', NULL),
(386, 8, '2026-04-05 08:17:23', 23448.00, 'selesai', NULL),
(387, 8, '2026-04-04 08:17:23', 33222.00, 'dibatalkan', NULL),
(388, 6, '2026-03-26 08:17:23', 47613.00, 'diproses', NULL),
(389, 6, '2026-03-25 08:17:23', 59152.00, 'selesai', NULL),
(390, 6, '2026-04-06 08:17:23', 69759.00, 'pending', NULL),
(391, 8, '2026-03-18 08:17:23', 81436.00, 'selesai', NULL),
(392, 7, '2026-03-28 08:17:23', 93227.00, 'dibatalkan', NULL),
(393, 10, '2026-04-09 08:17:23', 43674.00, 'dibatalkan', NULL),
(394, 10, '2026-04-10 08:17:23', 41404.00, 'dibatalkan', NULL),
(395, 9, '2026-04-10 08:17:23', 71617.00, 'dibatalkan', NULL),
(396, 6, '2026-03-25 08:17:23', 52314.00, 'diproses', NULL),
(397, 8, '2026-03-24 08:17:23', 31553.00, 'selesai', NULL),
(398, 10, '2026-03-24 08:17:23', 83479.00, 'selesai', NULL),
(399, 6, '2026-04-06 08:17:23', 67221.00, 'pending', NULL),
(400, 6, '2026-03-19 08:17:23', 62456.00, 'pending', NULL),
(401, 9, '2026-03-25 08:17:23', 97507.00, 'dibatalkan', NULL),
(402, 10, '2026-04-12 08:17:23', 78861.00, 'selesai', NULL),
(403, 10, '2026-03-20 08:17:23', 20355.00, 'dibatalkan', NULL),
(404, 6, '2026-04-09 08:17:23', 36251.00, 'diproses', NULL),
(405, 7, '2026-03-17 08:17:23', 29578.00, 'selesai', NULL),
(406, 8, '2026-03-30 08:17:23', 41737.00, 'pending', NULL),
(407, 7, '2026-04-08 08:17:23', 82083.00, 'pending', NULL),
(408, 8, '2026-03-20 08:17:23', 43254.00, 'dibatalkan', NULL),
(409, 7, '2026-04-12 08:17:23', 74429.00, 'diproses', NULL),
(410, 6, '2026-04-11 08:17:23', 55553.00, 'diproses', NULL),
(411, 6, '2026-04-02 08:17:23', 54423.00, 'dibatalkan', NULL),
(412, 10, '2026-03-29 08:17:23', 24785.00, 'diproses', NULL),
(413, 6, '2026-04-13 08:17:23', 87271.00, 'dibatalkan', NULL),
(414, 6, '2026-03-21 08:17:23', 24107.00, 'pending', NULL),
(415, 7, '2026-04-14 08:17:23', 27613.00, 'selesai', NULL),
(416, 8, '2026-03-25 08:17:23', 74193.00, 'pending', NULL),
(417, 10, '2026-04-04 08:17:23', 41307.00, 'selesai', NULL),
(418, 6, '2026-03-28 08:17:23', 76016.00, 'selesai', NULL),
(419, 8, '2026-03-25 08:17:23', 93917.00, 'selesai', NULL),
(420, 8, '2026-03-26 08:17:23', 83900.00, 'diproses', NULL),
(421, 9, '2026-04-11 08:17:23', 25058.00, 'selesai', NULL),
(422, 10, '2026-04-12 08:17:23', 52367.00, 'dibatalkan', NULL),
(423, 6, '2026-03-29 08:17:23', 99106.00, 'selesai', NULL),
(424, 10, '2026-04-11 08:17:23', 27424.00, 'diproses', NULL),
(425, 6, '2026-03-18 08:17:23', 63539.00, 'pending', NULL),
(426, 6, '2026-03-30 08:17:23', 68252.00, 'dibatalkan', NULL),
(427, 6, '2026-04-10 08:17:23', 33768.00, 'dibatalkan', NULL),
(428, 8, '2026-04-04 08:17:23', 33142.00, 'diproses', NULL),
(429, 6, '2026-04-10 08:17:23', 22847.00, 'pending', NULL),
(430, 10, '2026-04-04 08:17:23', 99962.00, 'pending', NULL),
(431, 10, '2026-04-15 08:17:23', 98747.00, 'pending', NULL),
(432, 6, '2026-04-08 08:17:23', 26453.00, 'pending', NULL),
(433, 10, '2026-03-30 08:17:23', 24223.00, 'dibatalkan', NULL),
(434, 9, '2026-04-03 08:17:23', 45977.00, 'dibatalkan', NULL),
(435, 7, '2026-04-04 08:17:23', 63260.00, 'pending', NULL),
(436, 10, '2026-04-04 08:17:23', 28774.00, 'selesai', NULL),
(437, 7, '2026-03-25 08:17:23', 77555.00, 'pending', NULL),
(438, 9, '2026-03-16 08:17:23', 94415.00, 'pending', NULL),
(439, 9, '2026-04-13 08:17:23', 53790.00, 'selesai', NULL),
(440, 9, '2026-04-06 08:17:23', 39205.00, 'diproses', NULL),
(441, 7, '2026-04-14 08:17:23', 23017.00, 'diproses', NULL),
(442, 6, '2026-03-20 08:17:23', 24153.00, 'selesai', NULL),
(443, 9, '2026-03-25 08:17:23', 63492.00, 'dibatalkan', NULL),
(444, 9, '2026-03-31 08:17:23', 34530.00, 'pending', NULL),
(445, 6, '2026-03-24 08:17:23', 26280.00, 'diproses', NULL),
(446, 6, '2026-04-05 08:17:23', 90781.00, 'selesai', NULL),
(447, 8, '2026-04-01 08:17:23', 43371.00, 'diproses', NULL),
(448, 6, '2026-04-01 08:17:23', 76828.00, 'diproses', NULL),
(449, 9, '2026-03-19 08:17:23', 77748.00, 'dibatalkan', NULL),
(450, 6, '2026-04-03 08:17:23', 53471.00, 'dibatalkan', NULL),
(451, 8, '2026-03-16 08:17:23', 23802.00, 'dibatalkan', NULL),
(452, 10, '2026-04-09 08:17:23', 84596.00, 'diproses', NULL),
(453, 8, '2026-04-04 08:17:23', 40877.00, 'selesai', NULL),
(454, 7, '2026-03-20 08:17:23', 83871.00, 'diproses', NULL),
(455, 10, '2026-04-07 08:17:23', 91609.00, 'diproses', NULL),
(456, 8, '2026-03-19 08:17:23', 93989.00, 'selesai', NULL),
(457, 9, '2026-04-03 08:17:23', 52587.00, 'selesai', NULL),
(458, 10, '2026-04-03 08:17:23', 67722.00, 'selesai', NULL),
(459, 10, '2026-04-08 08:17:23', 85082.00, 'selesai', NULL),
(460, 6, '2026-04-01 08:17:23', 49920.00, 'dibatalkan', NULL),
(461, 9, '2026-04-08 08:17:23', 41525.00, 'pending', NULL),
(462, 7, '2026-03-30 08:17:23', 26473.00, 'diproses', NULL),
(463, 7, '2026-04-06 08:17:23', 44701.00, 'pending', NULL),
(464, 10, '2026-04-04 08:17:23', 83744.00, 'dibatalkan', NULL),
(465, 7, '2026-03-17 08:17:23', 98796.00, 'dibatalkan', NULL),
(466, 7, '2026-03-16 08:17:23', 57542.00, 'selesai', NULL),
(467, 9, '2026-03-18 08:17:23', 85283.00, 'pending', NULL),
(468, 6, '2026-04-04 08:17:23', 98047.00, 'dibatalkan', NULL),
(469, 8, '2026-03-27 08:17:23', 45167.00, 'diproses', NULL),
(470, 6, '2026-04-04 08:17:23', 97006.00, 'dibatalkan', NULL),
(471, 10, '2026-03-25 08:17:23', 40894.00, 'pending', NULL),
(472, 9, '2026-04-07 08:17:23', 64181.00, 'dibatalkan', NULL),
(473, 8, '2026-03-23 08:17:23', 45609.00, 'diproses', NULL),
(474, 9, '2026-04-04 08:17:23', 99292.00, 'pending', NULL),
(475, 6, '2026-04-01 08:17:23', 43299.00, 'selesai', NULL),
(476, 8, '2026-03-19 08:17:23', 29296.00, 'selesai', NULL),
(477, 8, '2026-03-29 08:17:23', 60622.00, 'selesai', NULL),
(478, 7, '2026-03-22 08:17:23', 87693.00, 'dibatalkan', NULL),
(479, 7, '2026-03-23 08:17:23', 63448.00, 'diproses', NULL),
(480, 10, '2026-04-01 08:17:23', 66746.00, 'selesai', NULL),
(481, 6, '2026-03-16 08:17:23', 81284.00, 'pending', NULL),
(482, 8, '2026-04-06 08:17:23', 46357.00, 'dibatalkan', NULL),
(483, 6, '2026-04-04 08:17:23', 37945.00, 'diproses', NULL),
(484, 7, '2026-04-15 08:17:23', 43555.00, 'selesai', NULL),
(485, 6, '2026-03-25 08:17:23', 50821.00, 'pending', NULL),
(486, 10, '2026-03-22 08:17:23', 54830.00, 'pending', NULL),
(487, 9, '2026-03-28 08:17:23', 37785.00, 'dibatalkan', NULL),
(488, 8, '2026-04-11 08:17:23', 62892.00, 'selesai', NULL),
(489, 10, '2026-03-31 08:17:23', 37800.00, 'pending', NULL),
(490, 9, '2026-04-06 08:17:23', 88718.00, 'dibatalkan', NULL),
(491, 7, '2026-04-09 08:17:23', 49264.00, 'pending', NULL),
(492, 6, '2026-03-31 08:17:23', 86200.00, 'diproses', NULL),
(493, 8, '2026-04-07 08:17:23', 40605.00, 'selesai', NULL),
(494, 8, '2026-03-17 08:17:23', 87337.00, 'selesai', NULL),
(495, 7, '2026-03-20 08:17:23', 55095.00, 'dibatalkan', NULL),
(496, 7, '2026-04-09 08:17:23', 55623.00, 'selesai', NULL),
(497, 6, '2026-03-21 08:17:23', 20497.00, 'selesai', NULL),
(498, 7, '2026-04-04 08:17:23', 28420.00, 'pending', NULL),
(499, 10, '2026-03-21 08:17:23', 73768.00, 'pending', NULL),
(500, 7, '2026-03-21 08:17:23', 99164.00, 'dibatalkan', NULL),
(501, 10, '2026-04-03 08:17:23', 36643.00, 'diproses', NULL),
(502, 9, '2026-04-15 08:17:23', 27536.00, 'diproses', NULL),
(503, 8, '2026-03-27 08:17:23', 66494.00, 'pending', NULL),
(504, 10, '2026-03-27 08:17:23', 72569.00, 'pending', NULL),
(505, 6, '2026-03-31 08:17:23', 60003.00, 'dibatalkan', NULL),
(506, 10, '2026-03-30 08:17:23', 67059.00, 'pending', NULL),
(507, 9, '2026-03-30 08:17:23', 35686.00, 'pending', NULL),
(508, 6, '2026-03-26 08:17:23', 52299.00, 'dibatalkan', NULL),
(509, 10, '2026-03-20 08:17:23', 57360.00, 'pending', NULL),
(510, 9, '2026-04-04 08:17:23', 96253.00, 'selesai', NULL),
(511, 8, '2026-03-29 08:17:23', 93991.00, 'dibatalkan', NULL),
(512, 10, '2026-04-08 08:17:23', 85338.00, 'diproses', NULL),
(513, 9, '2026-03-20 08:17:23', 76619.00, 'dibatalkan', NULL),
(514, 9, '2026-03-25 08:17:23', 36922.00, 'dibatalkan', NULL),
(515, 10, '2026-04-08 08:17:23', 73430.00, 'pending', NULL),
(516, 8, '2026-03-19 08:17:23', 23635.00, 'diproses', NULL),
(517, 10, '2026-04-10 08:17:23', 27471.00, 'pending', NULL),
(518, 8, '2026-04-06 08:17:23', 98004.00, 'dibatalkan', NULL),
(519, 7, '2026-04-13 08:17:23', 79642.00, 'dibatalkan', NULL),
(520, 10, '2026-04-06 08:17:23', 58345.00, 'dibatalkan', NULL),
(521, 10, '2026-04-11 08:17:23', 23124.00, 'selesai', NULL),
(522, 6, '2026-04-09 08:17:23', 26087.00, 'diproses', NULL),
(523, 8, '2026-03-20 08:17:23', 27428.00, 'pending', NULL),
(524, 6, '2026-03-30 08:17:23', 34455.00, 'diproses', NULL),
(525, 9, '2026-03-16 08:17:23', 61086.00, 'diproses', NULL),
(526, 8, '2026-03-18 08:17:23', 68225.00, 'diproses', NULL),
(527, 10, '2026-03-25 08:17:23', 87032.00, 'pending', NULL),
(528, 10, '2026-03-24 08:17:23', 72058.00, 'dibatalkan', NULL),
(529, 8, '2026-03-25 08:17:23', 29056.00, 'selesai', NULL),
(530, 6, '2026-03-22 08:17:23', 64859.00, 'selesai', NULL),
(531, 6, '2026-03-27 08:17:23', 35930.00, 'selesai', NULL),
(532, 9, '2026-03-17 08:17:23', 76653.00, 'pending', NULL),
(533, 7, '2026-03-17 08:17:23', 44024.00, 'dibatalkan', NULL),
(534, 10, '2026-04-01 08:17:23', 48819.00, 'selesai', NULL),
(535, 10, '2026-03-22 08:17:23', 84006.00, 'pending', NULL),
(536, 10, '2026-03-25 08:17:23', 74859.00, 'selesai', NULL),
(537, 10, '2026-04-04 08:17:23', 87867.00, 'diproses', NULL),
(538, 7, '2026-04-08 08:17:23', 35398.00, 'diproses', NULL),
(539, 10, '2026-03-23 08:17:23', 25320.00, 'dibatalkan', NULL),
(540, 7, '2026-04-08 08:17:23', 77420.00, 'diproses', NULL),
(541, 10, '2026-03-18 08:17:23', 84998.00, 'selesai', NULL),
(542, 8, '2026-04-14 08:17:23', 91486.00, 'diproses', NULL),
(543, 7, '2026-04-02 08:17:23', 80035.00, 'dibatalkan', NULL),
(544, 10, '2026-04-04 08:17:23', 57215.00, 'selesai', NULL),
(545, 10, '2026-03-24 08:17:23', 57322.00, 'dibatalkan', NULL),
(546, 6, '2026-04-15 08:17:23', 59468.00, 'diproses', NULL),
(547, 8, '2026-03-19 08:17:23', 77379.00, 'pending', NULL),
(548, 7, '2026-04-03 08:17:23', 96170.00, 'selesai', NULL),
(549, 7, '2026-03-29 08:17:23', 71118.00, 'pending', NULL),
(550, 8, '2026-04-03 08:17:23', 96337.00, 'pending', NULL),
(551, 10, '2026-04-05 08:17:23', 82750.00, 'diproses', NULL),
(552, 8, '2026-04-07 08:17:23', 35173.00, 'diproses', NULL),
(553, 9, '2026-04-02 08:17:23', 67408.00, 'dibatalkan', NULL),
(554, 7, '2026-04-15 08:17:23', 93010.00, 'diproses', NULL),
(555, 10, '2026-03-29 08:17:23', 69812.00, 'pending', NULL),
(556, 10, '2026-04-14 08:17:23', 58311.00, 'pending', NULL),
(557, 10, '2026-03-22 08:17:23', 62222.00, 'diproses', NULL),
(558, 7, '2026-03-29 08:17:23', 75844.00, 'dibatalkan', NULL),
(559, 7, '2026-03-31 08:17:23', 94357.00, 'pending', NULL),
(560, 10, '2026-03-20 08:17:23', 96703.00, 'diproses', NULL),
(561, 7, '2026-04-01 08:17:23', 21379.00, 'dibatalkan', NULL),
(562, 6, '2026-04-01 08:17:23', 93860.00, 'diproses', NULL),
(563, 9, '2026-04-14 08:17:23', 90819.00, 'diproses', NULL),
(564, 8, '2026-03-26 08:17:23', 95870.00, 'selesai', NULL),
(565, 7, '2026-03-31 08:17:23', 21205.00, 'dibatalkan', NULL),
(566, 9, '2026-04-08 08:17:23', 29375.00, 'selesai', NULL),
(567, 8, '2026-04-06 08:17:23', 82826.00, 'diproses', NULL),
(568, 9, '2026-03-22 08:17:23', 81076.00, 'dibatalkan', NULL),
(569, 7, '2026-03-22 08:17:23', 73626.00, 'selesai', NULL),
(570, 9, '2026-04-08 08:17:23', 52554.00, 'pending', NULL),
(571, 9, '2026-03-26 08:17:23', 71622.00, 'pending', NULL),
(572, 7, '2026-03-20 08:17:23', 79146.00, 'diproses', NULL),
(573, 10, '2026-03-27 08:17:23', 50179.00, 'pending', NULL),
(574, 10, '2026-04-07 08:17:23', 81613.00, 'diproses', NULL),
(575, 7, '2026-04-07 08:17:23', 29301.00, 'selesai', NULL),
(576, 9, '2026-03-22 08:17:23', 60476.00, 'pending', NULL),
(577, 9, '2026-04-03 08:17:23', 78183.00, 'dibatalkan', NULL),
(578, 10, '2026-04-12 08:17:23', 50371.00, 'pending', NULL),
(579, 9, '2026-04-01 08:17:23', 35200.00, 'selesai', NULL),
(580, 6, '2026-04-01 08:17:23', 43240.00, 'pending', NULL),
(581, 10, '2026-03-30 08:17:23', 62616.00, 'dibatalkan', NULL),
(582, 7, '2026-04-03 08:17:23', 65995.00, 'pending', NULL),
(583, 7, '2026-03-22 08:17:23', 86229.00, 'pending', NULL),
(584, 7, '2026-03-31 08:17:23', 89646.00, 'dibatalkan', NULL),
(585, 10, '2026-04-11 08:17:23', 84595.00, 'dibatalkan', NULL),
(586, 10, '2026-04-04 08:17:23', 70996.00, 'pending', NULL),
(587, 9, '2026-04-08 08:17:23', 75343.00, 'dibatalkan', NULL),
(588, 7, '2026-04-01 08:17:23', 57797.00, 'selesai', NULL),
(589, 9, '2026-04-15 08:17:23', 20708.00, 'pending', NULL),
(590, 8, '2026-03-17 08:17:23', 72544.00, 'diproses', NULL),
(591, 6, '2026-03-17 08:17:23', 43511.00, 'pending', NULL),
(592, 9, '2026-04-04 08:17:23', 48710.00, 'dibatalkan', NULL),
(593, 8, '2026-03-31 08:17:23', 97967.00, 'selesai', NULL),
(594, 8, '2026-03-27 08:17:23', 33547.00, 'pending', NULL),
(595, 8, '2026-04-01 08:17:23', 86352.00, 'pending', NULL),
(596, 9, '2026-03-20 08:17:23', 75814.00, 'pending', NULL),
(597, 6, '2026-03-20 08:17:23', 46040.00, 'selesai', NULL),
(598, 9, '2026-03-17 08:17:23', 66190.00, 'dibatalkan', NULL),
(599, 9, '2026-04-13 08:17:23', 73191.00, 'dibatalkan', NULL),
(600, 7, '2026-03-30 08:17:23', 64766.00, 'diproses', NULL),
(601, 6, '2026-04-01 08:17:23', 23667.00, 'pending', NULL),
(602, 7, '2026-04-01 08:17:23', 28669.00, 'selesai', NULL),
(603, 8, '2026-03-17 08:17:23', 61659.00, 'selesai', NULL),
(604, 10, '2026-04-03 08:17:23', 26543.00, 'selesai', NULL),
(605, 9, '2026-03-22 08:17:23', 96855.00, 'selesai', NULL),
(606, 8, '2026-03-28 08:17:23', 44720.00, 'pending', NULL),
(607, 10, '2026-03-19 08:17:23', 89588.00, 'diproses', NULL),
(608, 10, '2026-04-02 08:17:23', 85685.00, 'dibatalkan', NULL),
(609, 9, '2026-04-01 08:17:23', 67453.00, 'dibatalkan', NULL),
(610, 9, '2026-03-29 08:17:23', 83051.00, 'dibatalkan', NULL),
(611, 10, '2026-03-24 08:17:23', 34715.00, 'selesai', NULL),
(612, 9, '2026-03-29 08:17:23', 51022.00, 'dibatalkan', NULL),
(613, 7, '2026-03-21 08:17:23', 24954.00, 'selesai', NULL),
(614, 7, '2026-04-05 08:17:23', 31455.00, 'selesai', NULL),
(615, 10, '2026-03-29 08:17:23', 63134.00, 'dibatalkan', NULL),
(616, 8, '2026-04-13 08:17:23', 47505.00, 'selesai', NULL),
(617, 8, '2026-04-09 08:17:23', 98664.00, 'dibatalkan', NULL),
(618, 7, '2026-03-19 08:17:23', 78861.00, 'diproses', NULL),
(619, 6, '2026-03-18 08:17:23', 80192.00, 'selesai', NULL),
(620, 7, '2026-03-21 08:17:23', 57150.00, 'diproses', NULL),
(621, 6, '2026-04-04 08:17:23', 79189.00, 'dibatalkan', NULL),
(622, 7, '2026-04-05 08:17:23', 33747.00, 'pending', NULL),
(623, 8, '2026-04-10 08:17:23', 31514.00, 'pending', NULL),
(624, 9, '2026-04-08 08:17:23', 47875.00, 'dibatalkan', NULL),
(625, 7, '2026-03-24 08:17:23', 51366.00, 'dibatalkan', NULL),
(626, 6, '2026-03-31 08:17:23', 56555.00, 'diproses', NULL),
(627, 8, '2026-04-03 08:17:23', 70062.00, 'dibatalkan', NULL),
(628, 9, '2026-03-22 08:17:23', 92105.00, 'diproses', NULL),
(629, 8, '2026-04-01 08:17:23', 54133.00, 'diproses', NULL),
(630, 8, '2026-03-26 08:17:23', 50417.00, 'pending', NULL),
(631, 6, '2026-03-21 08:17:23', 95173.00, 'selesai', NULL),
(632, 6, '2026-04-09 08:17:23', 76788.00, 'pending', NULL),
(633, 7, '2026-04-07 08:17:23', 85398.00, 'pending', NULL),
(634, 6, '2026-04-12 08:17:23', 98711.00, 'pending', NULL),
(635, 7, '2026-04-07 08:17:23', 89061.00, 'diproses', NULL),
(636, 10, '2026-04-08 08:17:23', 31923.00, 'dibatalkan', NULL),
(637, 9, '2026-03-29 08:17:23', 22749.00, 'diproses', NULL),
(638, 9, '2026-04-05 08:17:23', 29303.00, 'pending', NULL),
(639, 8, '2026-03-22 08:17:23', 73375.00, 'pending', NULL),
(640, 6, '2026-03-20 08:17:23', 64366.00, 'pending', NULL),
(641, 7, '2026-04-02 08:17:23', 90098.00, 'diproses', NULL),
(642, 6, '2026-04-01 08:17:23', 41798.00, 'dibatalkan', NULL),
(643, 10, '2026-04-14 08:17:23', 97542.00, 'diproses', NULL),
(644, 9, '2026-03-27 08:17:23', 55939.00, 'pending', NULL),
(645, 6, '2026-03-31 08:17:23', 71354.00, 'diproses', NULL),
(646, 7, '2026-03-25 08:17:23', 49768.00, 'dibatalkan', NULL),
(647, 6, '2026-04-11 08:17:23', 42198.00, 'dibatalkan', NULL),
(648, 6, '2026-04-08 08:17:23', 54765.00, 'selesai', NULL),
(649, 6, '2026-03-27 08:17:23', 45722.00, 'diproses', NULL),
(650, 7, '2026-04-07 08:17:23', 90044.00, 'diproses', NULL),
(651, 10, '2026-03-24 08:17:23', 68788.00, 'diproses', NULL),
(652, 6, '2026-04-09 08:17:23', 62318.00, 'pending', NULL),
(653, 10, '2026-03-16 08:17:23', 69060.00, 'selesai', NULL),
(654, 10, '2026-04-11 08:17:23', 87132.00, 'dibatalkan', NULL),
(655, 9, '2026-03-27 08:17:23', 27515.00, 'dibatalkan', NULL),
(656, 10, '2026-03-29 08:17:23', 42764.00, 'pending', NULL),
(657, 6, '2026-04-15 08:17:23', 38315.00, 'diproses', NULL),
(658, 7, '2026-04-09 08:17:23', 44086.00, 'selesai', NULL),
(659, 9, '2026-04-08 08:17:23', 65933.00, 'diproses', NULL),
(660, 6, '2026-04-14 08:17:23', 69529.00, 'selesai', NULL),
(661, 10, '2026-04-11 08:17:23', 46936.00, 'pending', NULL),
(662, 10, '2026-04-13 08:17:23', 71492.00, 'pending', NULL),
(663, 7, '2026-03-17 08:17:23', 46579.00, 'pending', NULL),
(664, 9, '2026-04-12 08:17:23', 24075.00, 'selesai', NULL),
(665, 10, '2026-03-21 08:17:23', 57229.00, 'dibatalkan', NULL),
(666, 8, '2026-04-01 08:17:23', 48988.00, 'dibatalkan', NULL),
(667, 7, '2026-03-23 08:17:23', 89902.00, 'selesai', NULL),
(668, 10, '2026-04-12 08:17:23', 91850.00, 'diproses', NULL),
(669, 8, '2026-04-02 08:17:23', 67906.00, 'selesai', NULL),
(670, 9, '2026-04-11 08:17:23', 78906.00, 'dibatalkan', NULL),
(671, 6, '2026-03-20 08:17:23', 64636.00, 'diproses', NULL),
(672, 9, '2026-03-31 08:17:23', 61898.00, 'selesai', NULL),
(673, 10, '2026-04-04 08:17:23', 49863.00, 'diproses', NULL),
(674, 6, '2026-04-08 08:17:23', 32096.00, 'dibatalkan', NULL),
(675, 10, '2026-04-07 08:17:23', 59492.00, 'dibatalkan', NULL),
(676, 9, '2026-03-21 08:17:23', 84974.00, 'selesai', NULL),
(677, 7, '2026-03-30 08:17:23', 86515.00, 'diproses', NULL),
(678, 8, '2026-03-22 08:17:23', 49292.00, 'dibatalkan', NULL),
(679, 10, '2026-03-22 08:17:23', 45966.00, 'selesai', NULL),
(680, 10, '2026-03-26 08:17:23', 63877.00, 'dibatalkan', NULL),
(681, 6, '2026-04-15 08:17:23', 25988.00, 'selesai', NULL),
(682, 8, '2026-04-01 08:17:23', 47880.00, 'diproses', NULL),
(683, 10, '2026-04-09 08:17:23', 36541.00, 'diproses', NULL),
(684, 8, '2026-03-26 08:17:23', 89297.00, 'diproses', NULL),
(685, 7, '2026-04-08 08:17:23', 95017.00, 'diproses', NULL),
(686, 8, '2026-04-14 08:17:23', 67285.00, 'dibatalkan', NULL),
(687, 9, '2026-04-08 08:17:23', 80082.00, 'selesai', NULL),
(688, 10, '2026-04-14 08:17:23', 77949.00, 'pending', NULL),
(689, 10, '2026-04-06 08:17:23', 41955.00, 'pending', NULL);
INSERT INTO `pesanan` (`id_pesanan`, `id_user`, `tgl_pesanan`, `total_harga`, `status_pesanan`, `snap_token`) VALUES
(690, 6, '2026-04-11 08:17:23', 44080.00, 'diproses', NULL),
(691, 6, '2026-04-11 08:17:23', 93663.00, 'pending', NULL),
(692, 8, '2026-03-27 08:17:23', 92307.00, 'diproses', NULL),
(693, 8, '2026-03-25 08:17:23', 88180.00, 'dibatalkan', NULL),
(694, 6, '2026-04-13 08:17:23', 66998.00, 'pending', NULL),
(695, 9, '2026-03-27 08:17:23', 54753.00, 'dibatalkan', NULL),
(696, 10, '2026-03-25 08:17:23', 73462.00, 'diproses', NULL),
(697, 6, '2026-03-24 08:17:23', 74539.00, 'selesai', NULL),
(698, 8, '2026-03-20 08:17:23', 74754.00, 'dibatalkan', NULL),
(699, 8, '2026-04-08 08:17:23', 97186.00, 'selesai', NULL),
(700, 8, '2026-03-31 08:17:23', 75581.00, 'diproses', NULL),
(701, 7, '2026-04-01 08:17:23', 88816.00, 'dibatalkan', NULL),
(702, 7, '2026-03-26 08:17:23', 20189.00, 'pending', NULL),
(703, 10, '2026-04-01 08:17:23', 73107.00, 'dibatalkan', NULL),
(704, 9, '2026-03-22 08:17:23', 50964.00, 'pending', NULL),
(705, 8, '2026-04-04 08:17:23', 42335.00, 'selesai', NULL),
(706, 9, '2026-03-26 08:17:23', 71833.00, 'diproses', NULL),
(707, 9, '2026-03-19 08:17:23', 79471.00, 'dibatalkan', NULL),
(708, 7, '2026-04-13 08:17:23', 25890.00, 'diproses', NULL),
(709, 9, '2026-03-18 08:17:23', 74444.00, 'pending', NULL),
(710, 7, '2026-03-31 08:17:23', 21157.00, 'diproses', NULL),
(711, 7, '2026-03-24 08:17:23', 55666.00, 'diproses', NULL),
(712, 10, '2026-03-19 08:17:23', 76016.00, 'selesai', NULL),
(713, 8, '2026-03-29 08:17:23', 34470.00, 'diproses', NULL),
(714, 9, '2026-03-19 08:17:23', 59624.00, 'diproses', NULL),
(715, 8, '2026-03-16 08:17:23', 20310.00, 'selesai', NULL),
(716, 6, '2026-03-22 08:17:23', 89916.00, 'diproses', NULL),
(717, 10, '2026-04-01 08:17:23', 76332.00, 'dibatalkan', NULL),
(718, 8, '2026-04-14 08:17:23', 24535.00, 'pending', NULL),
(719, 8, '2026-04-12 08:17:23', 38792.00, 'diproses', NULL),
(720, 6, '2026-03-31 08:17:23', 59275.00, 'pending', NULL),
(721, 9, '2026-04-05 08:17:23', 70391.00, 'selesai', NULL),
(722, 10, '2026-03-31 08:17:23', 62552.00, 'pending', NULL),
(723, 6, '2026-03-23 08:17:23', 26610.00, 'pending', NULL),
(724, 9, '2026-03-23 08:17:23', 34756.00, 'pending', NULL),
(725, 8, '2026-03-27 08:17:23', 84854.00, 'pending', NULL),
(726, 6, '2026-04-02 08:17:23', 46750.00, 'pending', NULL),
(727, 9, '2026-04-08 08:17:23', 46941.00, 'selesai', NULL),
(728, 8, '2026-04-06 08:17:23', 42499.00, 'selesai', NULL),
(729, 10, '2026-03-16 08:17:23', 90094.00, 'diproses', NULL),
(730, 8, '2026-04-04 08:17:23', 27591.00, 'pending', NULL),
(731, 7, '2026-03-26 08:17:23', 86162.00, 'diproses', NULL),
(732, 8, '2026-04-05 08:17:23', 66131.00, 'diproses', NULL),
(733, 8, '2026-04-02 08:17:23', 53450.00, 'pending', NULL),
(734, 10, '2026-04-05 08:17:23', 99976.00, 'dibatalkan', NULL),
(735, 9, '2026-03-24 08:17:23', 71365.00, 'dibatalkan', NULL),
(736, 8, '2026-03-23 08:17:23', 71967.00, 'dibatalkan', NULL),
(737, 10, '2026-04-15 08:17:23', 73289.00, 'selesai', NULL),
(738, 7, '2026-03-28 08:17:23', 71633.00, 'diproses', NULL),
(739, 7, '2026-03-26 08:17:23', 69476.00, 'selesai', NULL),
(740, 10, '2026-03-27 08:17:23', 29811.00, 'pending', NULL),
(741, 10, '2026-03-21 08:17:23', 80046.00, 'pending', NULL),
(742, 8, '2026-03-27 08:17:23', 42499.00, 'pending', NULL),
(743, 6, '2026-04-07 08:17:23', 26743.00, 'diproses', NULL),
(744, 9, '2026-04-15 08:17:23', 60514.00, 'selesai', NULL),
(745, 7, '2026-03-18 08:17:23', 28456.00, 'dibatalkan', NULL),
(746, 6, '2026-04-06 08:17:23', 41548.00, 'selesai', NULL),
(747, 6, '2026-04-08 08:17:23', 52719.00, 'diproses', NULL),
(748, 6, '2026-03-30 08:17:23', 47332.00, 'pending', NULL),
(749, 7, '2026-03-24 08:17:23', 59513.00, 'dibatalkan', NULL),
(750, 8, '2026-04-12 08:17:23', 24753.00, 'dibatalkan', NULL),
(751, 10, '2026-04-04 08:17:23', 58734.00, 'dibatalkan', NULL),
(752, 7, '2026-04-13 08:17:23', 38917.00, 'dibatalkan', NULL),
(753, 7, '2026-04-09 08:17:23', 83383.00, 'selesai', NULL),
(754, 7, '2026-03-22 08:17:23', 39400.00, 'pending', NULL),
(755, 6, '2026-03-27 08:17:23', 57115.00, 'dibatalkan', NULL),
(756, 7, '2026-04-12 08:17:23', 49427.00, 'pending', NULL),
(757, 7, '2026-03-28 08:17:23', 23143.00, 'dibatalkan', NULL),
(758, 6, '2026-04-14 08:17:23', 47409.00, 'pending', NULL),
(759, 9, '2026-04-15 08:17:23', 40759.00, 'dibatalkan', NULL),
(760, 10, '2026-04-10 08:17:23', 75692.00, 'diproses', NULL),
(761, 7, '2026-03-18 08:17:23', 76925.00, 'pending', NULL),
(762, 9, '2026-04-08 08:17:23', 52118.00, 'dibatalkan', NULL),
(763, 7, '2026-04-11 08:17:23', 79020.00, 'diproses', NULL),
(764, 7, '2026-03-23 08:17:23', 99052.00, 'selesai', NULL),
(765, 10, '2026-04-15 08:17:23', 75757.00, 'pending', NULL),
(766, 10, '2026-04-07 08:17:23', 90413.00, 'pending', NULL),
(767, 8, '2026-03-27 08:17:23', 82083.00, 'diproses', NULL),
(768, 8, '2026-03-28 08:17:23', 94503.00, 'diproses', NULL),
(769, 8, '2026-03-16 08:17:23', 43906.00, 'pending', NULL),
(770, 8, '2026-04-07 08:17:23', 47672.00, 'pending', NULL),
(771, 8, '2026-03-20 08:17:23', 61873.00, 'pending', NULL),
(772, 10, '2026-04-03 08:17:23', 65167.00, 'dibatalkan', NULL),
(773, 9, '2026-03-31 08:17:23', 81831.00, 'pending', NULL),
(774, 6, '2026-03-26 08:17:23', 53107.00, 'diproses', NULL),
(775, 9, '2026-04-03 08:17:23', 38229.00, 'dibatalkan', NULL),
(776, 10, '2026-04-04 08:17:23', 63947.00, 'selesai', NULL),
(777, 7, '2026-04-06 08:17:23', 39671.00, 'pending', NULL),
(778, 6, '2026-04-01 08:17:23', 70197.00, 'pending', NULL),
(779, 6, '2026-04-10 08:17:23', 26750.00, 'pending', NULL),
(780, 6, '2026-04-03 08:17:23', 21553.00, 'pending', NULL),
(781, 7, '2026-04-11 08:17:23', 98090.00, 'dibatalkan', NULL),
(782, 10, '2026-04-13 08:17:23', 53200.00, 'selesai', NULL),
(783, 9, '2026-04-05 08:17:23', 50307.00, 'pending', NULL),
(784, 6, '2026-04-02 08:17:23', 22029.00, 'selesai', NULL),
(785, 9, '2026-03-21 08:17:23', 57355.00, 'pending', NULL),
(786, 7, '2026-04-04 08:17:23', 28622.00, 'dibatalkan', NULL),
(787, 10, '2026-03-27 08:17:23', 71348.00, 'selesai', NULL),
(788, 10, '2026-04-03 08:17:23', 52963.00, 'diproses', NULL),
(789, 8, '2026-03-23 08:17:23', 55338.00, 'pending', NULL),
(790, 7, '2026-04-05 08:17:23', 54108.00, 'dibatalkan', NULL),
(791, 7, '2026-04-06 08:17:23', 46375.00, 'diproses', NULL),
(792, 8, '2026-03-29 08:17:23', 48193.00, 'selesai', NULL),
(793, 8, '2026-04-15 08:17:23', 46449.00, 'diproses', NULL),
(794, 6, '2026-04-06 08:17:23', 62988.00, 'dibatalkan', NULL),
(795, 9, '2026-04-15 08:17:23', 75667.00, 'dibatalkan', NULL),
(796, 6, '2026-04-02 08:17:23', 72036.00, 'diproses', NULL),
(797, 7, '2026-03-19 08:17:23', 97567.00, 'pending', NULL),
(798, 9, '2026-04-15 08:17:23', 59882.00, 'diproses', NULL),
(799, 7, '2026-03-17 08:17:23', 37116.00, 'diproses', NULL),
(800, 10, '2026-03-31 08:17:23', 43845.00, 'dibatalkan', NULL),
(801, 7, '2026-03-19 08:17:23', 28371.00, 'diproses', NULL),
(802, 8, '2026-04-01 08:17:23', 70151.00, 'selesai', NULL),
(803, 10, '2026-03-22 08:17:23', 70881.00, 'pending', NULL),
(804, 9, '2026-03-16 08:17:23', 76364.00, 'pending', NULL),
(805, 9, '2026-04-08 08:17:23', 37212.00, 'dibatalkan', NULL),
(806, 6, '2026-04-10 08:17:23', 49047.00, 'dibatalkan', NULL),
(807, 7, '2026-03-22 08:17:23', 44786.00, 'diproses', NULL),
(808, 9, '2026-03-25 08:17:23', 77211.00, 'diproses', NULL),
(809, 7, '2026-03-24 08:17:23', 63355.00, 'dibatalkan', NULL),
(810, 8, '2026-03-19 08:17:23', 44693.00, 'pending', NULL),
(811, 8, '2026-03-22 08:17:23', 40851.00, 'diproses', NULL),
(812, 6, '2026-03-28 08:17:23', 48095.00, 'selesai', NULL),
(813, 6, '2026-03-16 08:17:23', 59601.00, 'diproses', NULL),
(814, 7, '2026-04-01 08:17:23', 56681.00, 'pending', NULL),
(815, 7, '2026-04-11 08:17:23', 88905.00, 'dibatalkan', NULL),
(816, 7, '2026-04-09 08:17:23', 88689.00, 'selesai', NULL),
(817, 7, '2026-04-15 08:17:23', 71568.00, 'selesai', NULL),
(818, 7, '2026-03-16 08:17:23', 57154.00, 'dibatalkan', NULL),
(819, 10, '2026-04-12 08:17:23', 40001.00, 'pending', NULL),
(820, 10, '2026-04-05 08:17:23', 88769.00, 'pending', NULL),
(821, 7, '2026-04-14 08:17:23', 58993.00, 'pending', NULL),
(822, 8, '2026-04-15 08:17:23', 24429.00, 'diproses', NULL),
(823, 10, '2026-04-14 08:17:23', 69735.00, 'dibatalkan', NULL),
(824, 8, '2026-04-05 08:17:23', 80080.00, 'diproses', NULL),
(825, 8, '2026-03-26 08:17:23', 70893.00, 'diproses', NULL),
(826, 10, '2026-03-31 08:17:23', 73134.00, 'pending', NULL),
(827, 10, '2026-03-25 08:17:23', 33369.00, 'selesai', NULL),
(828, 8, '2026-03-26 08:17:23', 63127.00, 'dibatalkan', NULL),
(829, 6, '2026-03-22 08:17:23', 81902.00, 'pending', NULL),
(830, 8, '2026-04-02 08:17:23', 91061.00, 'selesai', NULL),
(831, 8, '2026-04-06 08:17:23', 51732.00, 'dibatalkan', NULL),
(832, 7, '2026-03-22 08:17:23', 32939.00, 'diproses', NULL),
(833, 8, '2026-03-23 08:17:23', 82071.00, 'diproses', NULL),
(834, 10, '2026-03-26 08:17:23', 31827.00, 'selesai', NULL),
(835, 10, '2026-04-13 08:17:23', 65561.00, 'selesai', NULL),
(836, 6, '2026-04-09 08:17:23', 46450.00, 'pending', NULL),
(837, 6, '2026-03-28 08:17:23', 96598.00, 'dibatalkan', NULL),
(838, 6, '2026-04-09 08:17:23', 73788.00, 'dibatalkan', NULL),
(839, 10, '2026-03-28 08:17:23', 78288.00, 'diproses', NULL),
(840, 9, '2026-03-31 08:17:23', 65799.00, 'selesai', NULL),
(841, 6, '2026-04-05 08:17:23', 90305.00, 'pending', NULL),
(842, 9, '2026-04-13 08:17:23', 52762.00, 'pending', NULL),
(843, 8, '2026-04-15 08:17:23', 21194.00, 'pending', NULL),
(844, 10, '2026-04-02 08:17:23', 82283.00, 'selesai', NULL),
(845, 10, '2026-04-14 08:17:23', 85309.00, 'dibatalkan', NULL),
(846, 6, '2026-03-22 08:17:23', 71773.00, 'selesai', NULL),
(847, 8, '2026-04-13 08:17:23', 82922.00, 'selesai', NULL),
(848, 6, '2026-04-10 08:17:23', 48294.00, 'diproses', NULL),
(849, 7, '2026-04-11 08:17:23', 68473.00, 'diproses', NULL),
(850, 9, '2026-03-24 08:17:23', 47180.00, 'pending', NULL),
(851, 8, '2026-03-26 08:17:23', 32241.00, 'diproses', NULL),
(852, 9, '2026-04-06 08:17:23', 94927.00, 'pending', NULL),
(853, 7, '2026-04-06 08:17:23', 41189.00, 'dibatalkan', NULL),
(854, 10, '2026-04-15 08:17:23', 88908.00, 'dibatalkan', NULL),
(855, 10, '2026-03-30 08:17:23', 88500.00, 'diproses', NULL),
(856, 6, '2026-03-19 08:17:23', 99609.00, 'diproses', NULL),
(857, 8, '2026-03-26 08:17:23', 76032.00, 'selesai', NULL),
(858, 7, '2026-04-05 08:17:23', 25551.00, 'dibatalkan', NULL),
(859, 10, '2026-03-26 08:17:23', 32336.00, 'dibatalkan', NULL),
(860, 7, '2026-03-27 08:17:23', 31093.00, 'selesai', NULL),
(861, 8, '2026-04-14 08:17:23', 59986.00, 'diproses', NULL),
(862, 6, '2026-03-31 08:17:23', 76991.00, 'diproses', NULL),
(863, 7, '2026-04-14 08:17:23', 69274.00, 'selesai', NULL),
(864, 8, '2026-03-24 08:17:23', 51982.00, 'diproses', NULL),
(865, 8, '2026-04-02 08:17:23', 77099.00, 'selesai', NULL),
(866, 6, '2026-03-19 08:17:23', 43760.00, 'pending', NULL),
(867, 6, '2026-03-30 08:17:23', 56426.00, 'selesai', NULL),
(868, 7, '2026-03-24 08:17:23', 75372.00, 'dibatalkan', NULL),
(869, 9, '2026-04-15 08:17:23', 97550.00, 'diproses', NULL),
(870, 8, '2026-04-15 08:17:23', 72109.00, 'pending', NULL),
(871, 8, '2026-04-13 08:17:23', 33719.00, 'pending', NULL),
(872, 10, '2026-04-09 08:17:23', 40095.00, 'selesai', NULL),
(873, 8, '2026-03-19 08:17:23', 46281.00, 'pending', NULL),
(874, 8, '2026-03-25 08:17:23', 39095.00, 'pending', NULL),
(875, 6, '2026-04-14 08:17:23', 63090.00, 'diproses', NULL),
(876, 6, '2026-04-06 08:17:23', 20058.00, 'dibatalkan', NULL),
(877, 7, '2026-04-08 08:17:23', 62007.00, 'pending', NULL),
(878, 10, '2026-03-28 08:17:23', 22651.00, 'selesai', NULL),
(879, 6, '2026-03-19 08:17:23', 43311.00, 'dibatalkan', NULL),
(880, 8, '2026-03-25 08:17:23', 47085.00, 'diproses', NULL),
(881, 6, '2026-03-26 08:17:23', 31258.00, 'dibatalkan', NULL),
(882, 7, '2026-04-08 08:17:23', 75297.00, 'pending', NULL),
(883, 6, '2026-04-06 08:17:23', 97688.00, 'diproses', NULL),
(884, 6, '2026-03-17 08:17:23', 69965.00, 'selesai', NULL),
(885, 8, '2026-04-02 08:17:23', 87774.00, 'selesai', NULL),
(886, 6, '2026-03-24 08:17:23', 81240.00, 'diproses', NULL),
(887, 8, '2026-03-31 08:17:23', 91566.00, 'selesai', NULL),
(888, 9, '2026-03-28 08:17:23', 53335.00, 'selesai', NULL),
(889, 8, '2026-03-23 08:17:23', 41064.00, 'pending', NULL),
(890, 8, '2026-03-19 08:17:23', 30920.00, 'dibatalkan', NULL),
(891, 8, '2026-03-20 08:17:23', 58336.00, 'dibatalkan', NULL),
(892, 6, '2026-03-19 08:17:23', 38176.00, 'diproses', NULL),
(893, 7, '2026-03-17 08:17:23', 67378.00, 'diproses', NULL),
(894, 9, '2026-03-20 08:17:23', 85904.00, 'pending', NULL),
(895, 6, '2026-04-15 08:17:23', 64407.00, 'pending', NULL),
(896, 10, '2026-04-01 08:17:23', 37070.00, 'selesai', NULL),
(897, 6, '2026-03-27 08:17:23', 66498.00, 'dibatalkan', NULL),
(898, 8, '2026-03-18 08:17:23', 71403.00, 'diproses', NULL),
(899, 6, '2026-04-06 08:17:23', 54719.00, 'diproses', NULL),
(900, 7, '2026-03-18 08:17:23', 91983.00, 'dibatalkan', NULL),
(901, 7, '2026-04-08 08:17:23', 67172.00, 'selesai', NULL),
(902, 7, '2026-04-11 08:17:23', 66377.00, 'diproses', NULL),
(903, 7, '2026-04-15 08:17:23', 55590.00, 'dibatalkan', NULL),
(904, 6, '2026-03-19 08:17:23', 82725.00, 'pending', NULL),
(905, 8, '2026-04-12 08:17:23', 77370.00, 'dibatalkan', NULL),
(906, 8, '2026-04-07 08:17:23', 61352.00, 'selesai', NULL),
(907, 7, '2026-04-08 08:17:23', 98996.00, 'selesai', NULL),
(908, 6, '2026-04-02 08:17:23', 68222.00, 'diproses', NULL),
(909, 6, '2026-03-21 08:17:23', 61226.00, 'pending', NULL),
(910, 6, '2026-03-20 08:17:23', 56326.00, 'dibatalkan', NULL),
(911, 9, '2026-04-13 08:17:23', 63283.00, 'selesai', NULL),
(912, 9, '2026-04-04 08:17:23', 47407.00, 'pending', NULL),
(913, 10, '2026-03-28 08:17:23', 41787.00, 'selesai', NULL),
(914, 9, '2026-04-01 08:17:23', 85624.00, 'diproses', NULL),
(915, 10, '2026-03-31 08:17:23', 56940.00, 'dibatalkan', NULL),
(916, 8, '2026-03-29 08:17:23', 95836.00, 'selesai', NULL),
(917, 9, '2026-03-22 08:17:23', 57681.00, 'dibatalkan', NULL),
(918, 7, '2026-04-13 08:17:23', 57820.00, 'selesai', NULL),
(919, 10, '2026-03-23 08:17:23', 20806.00, 'pending', NULL),
(920, 8, '2026-04-10 08:17:23', 55755.00, 'diproses', NULL),
(921, 9, '2026-03-16 08:17:23', 23932.00, 'selesai', NULL),
(922, 7, '2026-03-30 08:17:23', 62121.00, 'diproses', NULL),
(923, 8, '2026-04-15 08:17:23', 46292.00, 'selesai', NULL),
(924, 8, '2026-04-01 08:17:23', 69356.00, 'selesai', NULL),
(925, 8, '2026-04-03 08:17:23', 77861.00, 'selesai', NULL),
(926, 7, '2026-04-10 08:17:23', 40304.00, 'selesai', NULL),
(927, 8, '2026-03-21 08:17:23', 26223.00, 'selesai', NULL),
(928, 6, '2026-04-11 08:17:23', 35576.00, 'pending', NULL),
(929, 6, '2026-03-18 08:17:23', 54349.00, 'dibatalkan', NULL),
(930, 6, '2026-03-26 08:17:23', 89172.00, 'selesai', NULL),
(931, 8, '2026-03-28 08:17:23', 23543.00, 'dibatalkan', NULL),
(932, 8, '2026-04-10 08:17:23', 35979.00, 'pending', NULL),
(933, 7, '2026-04-08 08:17:23', 66937.00, 'dibatalkan', NULL),
(934, 6, '2026-03-27 08:17:23', 25694.00, 'pending', NULL),
(935, 6, '2026-04-08 08:17:23', 23928.00, 'pending', NULL),
(936, 10, '2026-03-23 08:17:23', 89981.00, 'dibatalkan', NULL),
(937, 7, '2026-04-02 08:17:23', 79091.00, 'selesai', NULL),
(938, 7, '2026-04-08 08:17:23', 71799.00, 'dibatalkan', NULL),
(939, 6, '2026-04-04 08:17:23', 99814.00, 'dibatalkan', NULL),
(940, 8, '2026-03-23 08:17:23', 49739.00, 'pending', NULL),
(941, 10, '2026-04-11 08:17:23', 58764.00, 'selesai', NULL),
(942, 6, '2026-03-19 08:17:23', 59488.00, 'dibatalkan', NULL),
(943, 7, '2026-04-09 08:17:23', 77103.00, 'pending', NULL),
(944, 8, '2026-03-24 08:17:23', 77222.00, 'diproses', NULL),
(945, 10, '2026-04-09 08:17:23', 55947.00, 'pending', NULL),
(946, 10, '2026-03-18 08:17:23', 75846.00, 'selesai', NULL),
(947, 10, '2026-03-27 08:17:23', 65430.00, 'pending', NULL),
(948, 8, '2026-04-04 08:17:23', 52932.00, 'diproses', NULL),
(949, 10, '2026-04-08 08:17:23', 51686.00, 'dibatalkan', NULL),
(950, 6, '2026-04-10 08:17:23', 59849.00, 'dibatalkan', NULL),
(951, 6, '2026-04-01 08:17:23', 31303.00, 'diproses', NULL),
(952, 8, '2026-04-08 08:17:23', 48472.00, 'selesai', NULL),
(953, 7, '2026-04-15 08:17:23', 44606.00, 'selesai', NULL),
(954, 9, '2026-04-09 08:17:23', 49668.00, 'pending', NULL),
(955, 8, '2026-04-04 08:17:23', 29220.00, 'dibatalkan', NULL),
(956, 9, '2026-03-25 08:17:23', 74003.00, 'pending', NULL),
(957, 6, '2026-04-14 08:17:23', 27759.00, 'selesai', NULL),
(958, 9, '2026-04-03 08:17:23', 39952.00, 'dibatalkan', NULL),
(959, 10, '2026-03-19 08:17:23', 67849.00, 'selesai', NULL),
(960, 6, '2026-04-15 08:17:23', 46323.00, 'dibatalkan', NULL),
(961, 7, '2026-04-09 08:17:23', 36962.00, 'pending', NULL),
(962, 7, '2026-04-04 08:17:23', 33477.00, 'diproses', NULL),
(963, 6, '2026-03-18 08:17:23', 79862.00, 'pending', NULL),
(964, 10, '2026-03-21 08:17:23', 22892.00, 'selesai', NULL),
(965, 9, '2026-03-20 08:17:23', 96562.00, 'diproses', NULL),
(966, 10, '2026-04-05 08:17:23', 23705.00, 'pending', NULL),
(967, 10, '2026-03-20 08:17:23', 77636.00, 'diproses', NULL),
(968, 10, '2026-04-12 08:17:23', 99526.00, 'diproses', NULL),
(969, 7, '2026-04-01 08:17:23', 73712.00, 'selesai', NULL),
(970, 10, '2026-04-11 08:17:23', 27700.00, 'dibatalkan', NULL),
(971, 10, '2026-03-16 08:17:23', 46453.00, 'selesai', NULL),
(972, 9, '2026-04-03 08:17:23', 32459.00, 'selesai', NULL),
(973, 10, '2026-03-31 08:17:23', 23692.00, 'dibatalkan', NULL),
(974, 7, '2026-03-20 08:17:23', 31762.00, 'selesai', NULL),
(975, 10, '2026-04-05 08:17:23', 44606.00, 'selesai', NULL),
(976, 7, '2026-03-17 08:17:23', 83229.00, 'dibatalkan', NULL),
(977, 9, '2026-04-04 08:17:23', 57908.00, 'dibatalkan', NULL),
(978, 8, '2026-04-11 08:17:23', 82852.00, 'dibatalkan', NULL),
(979, 7, '2026-04-01 08:17:23', 20321.00, 'dibatalkan', NULL),
(980, 8, '2026-04-06 08:17:23', 68389.00, 'selesai', NULL),
(981, 9, '2026-04-06 08:17:23', 20887.00, 'pending', NULL),
(982, 10, '2026-04-02 08:17:23', 33260.00, 'diproses', NULL),
(983, 6, '2026-04-07 08:17:23', 91523.00, 'pending', NULL),
(984, 7, '2026-03-16 08:17:23', 22771.00, 'diproses', NULL),
(985, 8, '2026-03-22 08:17:23', 31958.00, 'pending', NULL),
(986, 8, '2026-03-17 08:17:23', 53854.00, 'dibatalkan', NULL),
(987, 9, '2026-03-25 08:17:23', 43889.00, 'diproses', NULL),
(988, 7, '2026-04-10 08:17:23', 94385.00, 'pending', NULL),
(989, 10, '2026-04-14 08:17:23', 72894.00, 'dibatalkan', NULL),
(990, 6, '2026-04-05 08:17:23', 39400.00, 'pending', NULL),
(991, 8, '2026-04-07 08:17:23', 20772.00, 'dibatalkan', NULL),
(992, 10, '2026-03-22 08:17:23', 93551.00, 'diproses', NULL),
(993, 6, '2026-04-02 08:17:23', 24471.00, 'pending', NULL),
(994, 6, '2026-03-16 08:17:23', 21467.00, 'selesai', NULL),
(995, 6, '2026-03-19 08:17:23', 46347.00, 'dibatalkan', NULL),
(996, 8, '2026-03-27 08:17:23', 78315.00, 'selesai', NULL),
(997, 10, '2026-04-11 08:17:23', 32593.00, 'dibatalkan', NULL),
(998, 7, '2026-03-29 08:17:23', 91809.00, 'selesai', NULL),
(999, 9, '2026-03-29 08:17:23', 39066.00, 'diproses', NULL),
(1000, 8, '2026-04-06 08:17:23', 41643.00, 'selesai', NULL),
(1001, 10, '2026-03-20 08:17:23', 95230.00, 'diproses', NULL),
(1002, 10, '2026-03-18 08:17:23', 28845.00, 'pending', NULL),
(1003, 10, '2026-04-14 08:17:23', 90893.00, 'dibatalkan', NULL),
(1004, 7, '2026-03-26 08:17:23', 33677.00, 'selesai', NULL),
(1005, 10, '2026-04-05 08:17:23', 65629.00, 'diproses', NULL),
(1006, 8, '2026-03-28 08:17:23', 45761.00, 'dibatalkan', NULL),
(1007, 8, '2026-03-18 08:17:23', 91049.00, 'pending', NULL),
(1008, 6, '2026-03-17 08:17:23', 25101.00, 'pending', NULL),
(1009, 6, '2026-04-08 08:17:23', 92094.00, 'dibatalkan', NULL),
(1010, 9, '2026-04-12 08:17:23', 27664.00, 'diproses', NULL),
(1011, 8, '2026-03-27 08:17:23', 28675.00, 'dibatalkan', NULL),
(1012, 9, '2026-03-28 08:17:23', 63974.00, 'selesai', NULL),
(1013, 7, '2026-04-13 08:17:23', 76841.00, 'diproses', NULL),
(1014, 9, '2026-03-22 08:17:23', 56943.00, 'dibatalkan', NULL),
(1015, 10, '2026-04-11 08:17:23', 40734.00, 'pending', NULL),
(1016, 9, '2026-03-19 08:17:23', 73884.00, 'pending', NULL),
(1017, 10, '2026-03-18 08:17:23', 28792.00, 'pending', NULL),
(1018, 6, '2026-03-24 08:17:23', 89978.00, 'pending', NULL),
(1019, 6, '2026-04-05 08:17:23', 54896.00, 'pending', NULL),
(1020, 10, '2026-03-16 08:17:23', 57975.00, 'diproses', NULL),
(1021, 10, '2026-04-11 08:17:23', 29670.00, 'pending', NULL),
(1022, 10, '2026-04-13 08:17:23', 61676.00, 'diproses', NULL),
(1023, 10, '2026-03-28 08:17:23', 96016.00, 'dibatalkan', NULL),
(1024, 9, '2026-04-06 08:17:23', 80416.00, 'dibatalkan', NULL),
(1025, 7, '2026-03-28 08:17:23', 90188.00, 'diproses', NULL),
(1026, 9, '2026-03-23 08:17:23', 53052.00, 'selesai', NULL),
(1027, 9, '2026-03-20 08:17:23', 93987.00, 'diproses', NULL),
(1028, 7, '2026-04-05 08:17:23', 56506.00, 'diproses', NULL),
(1029, 8, '2026-04-10 08:17:23', 97396.00, 'pending', NULL),
(1030, 6, '2026-04-02 08:17:23', 63974.00, 'pending', NULL),
(1031, 10, '2026-03-16 08:17:23', 82931.00, 'selesai', NULL),
(1032, 6, '2026-03-17 08:17:23', 85308.00, 'pending', NULL),
(1033, 9, '2026-03-26 08:17:23', 68330.00, 'diproses', NULL),
(1034, 7, '2026-04-08 08:17:23', 77729.00, 'dibatalkan', NULL),
(1035, 10, '2026-04-06 08:17:23', 71095.00, 'selesai', NULL),
(1036, 9, '2026-04-07 08:17:23', 81407.00, 'diproses', NULL),
(1037, 8, '2026-04-14 08:17:23', 41247.00, 'diproses', NULL),
(1038, 10, '2026-03-18 08:17:23', 50872.00, 'pending', NULL),
(1039, 9, '2026-04-09 08:17:23', 30895.00, 'pending', NULL),
(1040, 7, '2026-03-31 08:17:23', 82572.00, 'pending', NULL),
(1041, 9, '2026-04-01 08:17:23', 56059.00, 'diproses', NULL),
(1042, 10, '2026-04-04 08:17:23', 84242.00, 'selesai', NULL),
(1043, 7, '2026-04-10 08:17:23', 27201.00, 'pending', NULL),
(1044, 7, '2026-04-09 08:17:23', 30476.00, 'selesai', NULL),
(1045, 8, '2026-04-15 08:17:23', 70861.00, 'selesai', NULL),
(1046, 9, '2026-04-13 08:17:23', 46436.00, 'pending', NULL),
(1047, 9, '2026-03-27 08:17:23', 73671.00, 'dibatalkan', NULL),
(1048, 6, '2026-03-28 08:17:23', 74112.00, 'pending', NULL),
(1049, 6, '2026-04-15 08:17:23', 66285.00, 'dibatalkan', NULL),
(1050, 8, '2026-03-29 08:17:23', 67821.00, 'pending', NULL),
(1051, 10, '2026-04-06 08:17:23', 22053.00, 'dibatalkan', NULL),
(1052, 9, '2026-04-01 08:17:23', 84890.00, 'dibatalkan', NULL),
(1053, 10, '2026-04-01 08:17:23', 46146.00, 'pending', NULL),
(1054, 6, '2026-03-18 08:17:23', 46383.00, 'selesai', NULL),
(1055, 9, '2026-03-18 08:17:23', 67525.00, 'selesai', NULL),
(1056, 8, '2026-04-07 08:17:23', 60217.00, 'dibatalkan', NULL),
(1057, 10, '2026-04-11 08:17:23', 60022.00, 'selesai', NULL),
(1058, 8, '2026-03-18 08:17:23', 90415.00, 'diproses', NULL),
(1059, 10, '2026-03-26 08:17:23', 23786.00, 'pending', NULL),
(1060, 8, '2026-04-12 08:17:23', 27946.00, 'diproses', NULL),
(1061, 9, '2026-04-10 08:17:23', 92992.00, 'dibatalkan', NULL),
(1062, 6, '2026-04-15 08:17:23', 91029.00, 'selesai', NULL),
(1063, 7, '2026-04-03 08:17:23', 51891.00, 'dibatalkan', NULL),
(1064, 7, '2026-03-23 08:17:23', 95942.00, 'pending', NULL),
(1065, 6, '2026-04-09 08:17:23', 85425.00, 'diproses', NULL),
(1066, 9, '2026-03-28 08:17:23', 79612.00, 'dibatalkan', NULL),
(1067, 6, '2026-04-13 08:17:23', 69240.00, 'pending', NULL),
(1068, 9, '2026-03-25 08:17:23', 55527.00, 'pending', NULL),
(1069, 8, '2026-03-29 08:17:23', 42624.00, 'dibatalkan', NULL),
(1070, 7, '2026-03-20 08:17:23', 34949.00, 'diproses', NULL),
(1071, 7, '2026-04-15 08:17:23', 28430.00, 'pending', NULL),
(1072, 8, '2026-04-07 08:17:23', 35081.00, 'pending', NULL),
(1073, 7, '2026-04-08 08:17:23', 22617.00, 'selesai', NULL),
(1074, 7, '2026-03-21 08:17:23', 26983.00, 'diproses', NULL),
(1075, 7, '2026-04-12 08:17:23', 63806.00, 'pending', NULL);

-- --------------------------------------------------------

--
-- Struktur dari tabel `testimoni`
--

CREATE TABLE `testimoni` (
  `id_testimoni` int(11) NOT NULL,
  `id_user` int(11) NOT NULL,
  `isi_testimoni` varchar(100) DEFAULT NULL,
  `status_persetujuan` enum('pending','disetujui','ditolak') DEFAULT 'pending',
  `foto_testimoni` varchar(255) DEFAULT NULL
) ENGINE=InnoDB DEFAULT CHARSET=utf8mb4 COLLATE=utf8mb4_general_ci;

--
-- Dumping data untuk tabel `testimoni`
--

INSERT INTO `testimoni` (`id_testimoni`, `id_user`, `isi_testimoni`, `status_persetujuan`, `foto_testimoni`) VALUES
(7, 6, 'uuusedapnyoo', 'disetujui', 'cc5bff3d2717663e.jpg'),
(11, 7, 'enakk', 'disetujui', '55cd36e6921eb611.png'),
(25, 8, 'enakk', 'disetujui', '63f1236b0621f3f1.png'),
(30, 8, 'Pelayanan ramah sekali.', 'disetujui', 'beruang-imut.jpeg'),
(31, 8, 'Foto kustom tes', 'pending', '90a225925322feda.jpg'),
(32, 25, 'beli mocha sama chocoberry manisnya pas! next mau beli varian lainnya, mau pesen banyak pokoknyaaaaa', 'disetujui', '66d1707d94349d89.jpeg');

-- --------------------------------------------------------

--
-- Struktur dari tabel `users`
--

CREATE TABLE `users` (
  `id_user` int(11) NOT NULL,
  `nama` varchar(100) NOT NULL,
  `email` varchar(100) NOT NULL,
  `password` varchar(255) NOT NULL,
  `role` enum('pelanggan','kasir','pemilik') DEFAULT 'pelanggan'
) ENGINE=InnoDB DEFAULT CHARSET=utf8mb4 COLLATE=utf8mb4_general_ci;

--
-- Dumping data untuk tabel `users`
--

INSERT INTO `users` (`id_user`, `nama`, `email`, `password`, `role`) VALUES
(1, 'Afrah', 'afrah@gmail.com', '$2y$10$xjq4eEtVge8JCTp8xnJfpuPBU4IZeb/92SLjT8N4NZ7hs9hMhuQla', 'pemilik'),
(6, 'roje123', 'roje12@gmail.com', '$2y$10$rSMkaZuCH4M7qs9vE1nAfueIn/IbpMXjTanz9Sg98kC8FppC0mqb.', 'pelanggan'),
(7, 'maritza', 'maritza@gmail.com', '$2y$10$bh4e1wSaRkNt6yEah7U2JebDKXf0GqLW557LapnNt/TDxc14TEJXi', 'kasir'),
(8, 'inaa', 'ina@gmail.com', '$2y$10$q/4NTmieJ81bFPGVguusl.7/7iCmEEoatMXkZgZhR83UXe5C/uI76', 'pelanggan'),
(9, 'hihi18', 'hihi18@gmail.com', '$2y$10$wvTpuS1OSglkujsJ0XSyo..wD5Rtde.KfqmU8C8pdctYgruK5ffRa', 'pelanggan'),
(10, 'user123', 'user@gmail.com', '$2y$10$j7W8OIYViE48p.BFcDcvpeCGDOMP0fd9mCCq3z37ZF4UGcgedM73G', 'pelanggan'),
(11, 'lana', 'lanaza@gmail.com', '$2y$10$e2IK2LSVv1eFAWW1JQal2ejQhGLBwHUShBrTsf8gzbTAS5rnOgtc2', 'pelanggan'),
(25, 'user1234', 'user123@gmail.com', '$2y$10$z4Fu2RT4JUvO95KK4xRPyOdRjgG7CZnuWxBnIHDhUxLKhg7qtddMC', 'pelanggan'),
(26, 'maritza', 'maritza123@gmail.com', '$2y$10$A3/DV4oYUmrJQozjccjAd.ya88SeHNECW7X6r7iMztmVWL3jh.d46', 'pelanggan'),
(27, 'yy', 'yy@gmail.com', '$2y$10$CihXW83nI3m9CTvHTnxvr.15Mp0M0LAgy2wPbfJZbf5h9N0Zp2JZK', 'pelanggan');

--
-- Indexes for dumped tables
--

--
-- Indeks untuk tabel `detail_pesanan`
--
ALTER TABLE `detail_pesanan`
  ADD PRIMARY KEY (`id_detail`),
  ADD KEY `fk_detail_pesanan` (`id_pesanan`),
  ADD KEY `fk_detail_menu` (`id_menu`);

--
-- Indeks untuk tabel `menu`
--
ALTER TABLE `menu`
  ADD PRIMARY KEY (`id_menu`);

--
-- Indeks untuk tabel `pesanan`
--
ALTER TABLE `pesanan`
  ADD PRIMARY KEY (`id_pesanan`),
  ADD KEY `fk_pesanan_user` (`id_user`);

--
-- Indeks untuk tabel `testimoni`
--
ALTER TABLE `testimoni`
  ADD PRIMARY KEY (`id_testimoni`),
  ADD KEY `fk_testimoni_user` (`id_user`);

--
-- Indeks untuk tabel `users`
--
ALTER TABLE `users`
  ADD PRIMARY KEY (`id_user`),
  ADD UNIQUE KEY `email` (`email`);

--
-- AUTO_INCREMENT untuk tabel yang dibuang
--

--
-- AUTO_INCREMENT untuk tabel `detail_pesanan`
--
ALTER TABLE `detail_pesanan`
  MODIFY `id_detail` int(11) NOT NULL AUTO_INCREMENT, AUTO_INCREMENT=372;

--
-- AUTO_INCREMENT untuk tabel `menu`
--
ALTER TABLE `menu`
  MODIFY `id_menu` int(11) NOT NULL AUTO_INCREMENT, AUTO_INCREMENT=29;

--
-- AUTO_INCREMENT untuk tabel `pesanan`
--
ALTER TABLE `pesanan`
  MODIFY `id_pesanan` int(11) NOT NULL AUTO_INCREMENT, AUTO_INCREMENT=1098;

--
-- AUTO_INCREMENT untuk tabel `testimoni`
--
ALTER TABLE `testimoni`
  MODIFY `id_testimoni` int(11) NOT NULL AUTO_INCREMENT, AUTO_INCREMENT=33;

--
-- AUTO_INCREMENT untuk tabel `users`
--
ALTER TABLE `users`
  MODIFY `id_user` int(11) NOT NULL AUTO_INCREMENT, AUTO_INCREMENT=28;

--
-- Ketidakleluasaan untuk tabel pelimpahan (Dumped Tables)
--

--
-- Ketidakleluasaan untuk tabel `detail_pesanan`
--
ALTER TABLE `detail_pesanan`
  ADD CONSTRAINT `fk_detail_menu` FOREIGN KEY (`id_menu`) REFERENCES `menu` (`id_menu`) ON DELETE CASCADE,
  ADD CONSTRAINT `fk_detail_pesanan` FOREIGN KEY (`id_pesanan`) REFERENCES `pesanan` (`id_pesanan`) ON DELETE CASCADE;

--
-- Ketidakleluasaan untuk tabel `pesanan`
--
ALTER TABLE `pesanan`
  ADD CONSTRAINT `fk_pesanan_user` FOREIGN KEY (`id_user`) REFERENCES `users` (`id_user`) ON DELETE CASCADE;

--
-- Ketidakleluasaan untuk tabel `testimoni`
--
ALTER TABLE `testimoni`
  ADD CONSTRAINT `fk_testimoni_user` FOREIGN KEY (`id_user`) REFERENCES `users` (`id_user`) ON DELETE CASCADE;
COMMIT;

/*!40101 SET CHARACTER_SET_CLIENT=@OLD_CHARACTER_SET_CLIENT */;
/*!40101 SET CHARACTER_SET_RESULTS=@OLD_CHARACTER_SET_RESULTS */;
/*!40101 SET COLLATION_CONNECTION=@OLD_COLLATION_CONNECTION */;
